Month,Year,Parish,Mean
Jan,2011,Rapides,7.8
Feb,2011,Rapides,6.477777778
Mar,2011,Rapides,9.890909091
Apr,2011,Rapides,9.21
May,2011,Rapides,7.86
Jun,2011,Rapides,11.39
Jul,2011,Rapides,7.32
Aug,2011,Rapides,11.71818182
Sep,2011,Rapides,9.588888889
Oct,2011,Rapides,8.691666667
Nov,2011,Rapides,6.144444444
Dec,2011,Rapides,6.438461538
Jan,2011,East Baton Rouge,9.538709677
Feb,2011,East Baton Rouge,9.2
Mar,2011,East Baton Rouge,9.309677419
Apr,2011,East Baton Rouge,9.776666667
May,2011,East Baton Rouge,9.667741935
Jun,2011,East Baton Rouge,12.78333333
Jul,2011,East Baton Rouge,9.183870968
Aug,2011,East Baton Rouge,13.93333333
Sep,2011,East Baton Rouge,11.08275862
Oct,2011,East Baton Rouge,10.77419355
Nov,2011,East Baton Rouge,7.671428571
Dec,2011,East Baton Rouge,8.016129032
Jan,2011,East Baton Rouge,9.8
Feb,2011,East Baton Rouge,10.7
Mar,2011,East Baton Rouge,10.2
Apr,2011,East Baton Rouge,10
May,2011,East Baton Rouge,8.85
Jun,2011,East Baton Rouge,3.15
Jul,2011,East Baton Rouge,9.1
Aug,2011,East Baton Rouge,4.5
Sep,2011,East Baton Rouge,11.06666667
Oct,2011,East Baton Rouge,12.96666667
Nov,2011,East Baton Rouge,9.15
Dec,2011,East Baton Rouge,7.766666667
Jan,2011,Iberville,7.74
Feb,2011,Iberville,8.655555556
Mar,2011,Iberville,8.463636364
Apr,2011,Iberville,9.88
May,2011,Iberville,8.944444444
Jun,2011,Iberville,11.7
Jul,2011,Iberville,6.86
Aug,2011,Iberville,12.33636364
Sep,2011,Iberville,10.93
Oct,2011,Iberville,9.79
Nov,2011,Iberville,7.6
Dec,2011,Iberville,9.15
Jan,2011,St. Bernard,8.78
Feb,2011,St. Bernard,9.82
Mar,2011,St. Bernard,10.66
Apr,2011,St. Bernard,12.06
May,2011,St. Bernard,14.58
Jun,2011,St. Bernard,13.975
Jul,2011,St. Bernard,8.72
Aug,2011,St. Bernard,13.56666667
Sep,2011,St. Bernard,13.34
Oct,2011,St. Bernard,8.56
Nov,2011,St. Bernard,7.2
Dec,2011,St. Bernard,7.4
Jan,2011,Ascension,9.87
Feb,2011,Ascension,8.944444444
Mar,2011,Ascension,9.763636364
Apr,2011,Ascension,6.822222222
May,2011,Ascension,10.04166667
Jun,2011,Ascension,13.05555556
Jul,2011,Ascension,8.081818182
Aug,2011,Ascension,11.78
Sep,2011,Ascension,13.08
Oct,2011,Ascension,11.73
Nov,2011,Ascension,7.822222222
Dec,2011,Ascension,8.64
Jan,2011,Tangipahoa,7.03
Feb,2011,Tangipahoa,9.3375
Mar,2011,Tangipahoa,9.172727273
Apr,2011,Tangipahoa,8.81
May,2011,Tangipahoa,9.99
Jun,2011,Tangipahoa,11.76
Jul,2011,Tangipahoa,8.03
Aug,2011,Tangipahoa,13.14545455
Sep,2011,Tangipahoa,11.42
Oct,2011,Tangipahoa,9.71
Nov,2011,Tangipahoa,6.6
Dec,2011,Tangipahoa,6.96
Jan,2011,Tangipahoa,9.733333333
Feb,2011,Tangipahoa,8.5
Mar,2011,Tangipahoa,8.9
Apr,2011,Tangipahoa,7.8
May,2011,Tangipahoa,5.366666667
Jun,2011,Tangipahoa,10.25
Jul,2011,Tangipahoa,8.8
Aug,2011,Tangipahoa,20.6
Sep,2011,Tangipahoa,14.7
Oct,2011,Tangipahoa,8.333333333
Nov,2011,Tangipahoa,5.95
Dec,2011,Tangipahoa,5.633333333
Jan,2011,Terrebonne,6.99
Feb,2011,Terrebonne,8.177777778
Mar,2011,Terrebonne,8.854545455
Apr,2011,Terrebonne,9.12
May,2011,Terrebonne,9.081818182
Jun,2011,Terrebonne,10.83
Jul,2011,Terrebonne,6.71
Aug,2011,Terrebonne,10.71666667
Sep,2011,Terrebonne,10.56
Oct,2011,Terrebonne,9.85
Nov,2011,Terrebonne,6.68
Dec,2011,Terrebonne,6.15
Jan,2011,Jefferson,8.151612903
Feb,2011,Jefferson,9.021428571
Mar,2011,Jefferson,8.720689655
Apr,2011,Jefferson,8.746666667
May,2011,Jefferson,8.83
Jun,2011,Jefferson,12.04333333
Jul,2011,Jefferson,8.3
Aug,2011,Jefferson,12.69677419
Sep,2011,Jefferson,10.96785714
Oct,2011,Jefferson,9.067741935
Nov,2011,Jefferson,6.093333333
Dec,2011,Jefferson,7.364516129
Jan,2011,Lafayette,7.14
Feb,2011,Lafayette,7.611111111
Mar,2011,Lafayette,8.536363636
Apr,2011,Lafayette,9.33
May,2011,Lafayette,8.52
Jun,2011,Lafayette,12.03
Jul,2011,Lafayette,6.72
Aug,2011,Lafayette,11.3
Sep,2011,Lafayette,9.761538462
Oct,2011,Lafayette,10.97
Nov,2011,Lafayette,8.03
Dec,2011,Lafayette,7.825
Jan,2011,Lafayette,7.14
Feb,2011,Lafayette,7.611111111
Mar,2011,Lafayette,8.536363636
Apr,2011,Lafayette,9.33
May,2011,Lafayette,8.52
Jun,2011,Lafayette,12.03
Jul,2011,Lafayette,6.72
Aug,2011,Lafayette,11.3
Sep,2011,Lafayette,9.761538462
Oct,2011,Lafayette,10.97
Nov,2011,Lafayette,8.03
Dec,2011,Lafayette,7.825
Jan,2011,Calcasieu,6.86
Feb,2011,Calcasieu,7.466666667
Mar,2011,Calcasieu,10.42727273
Apr,2011,Calcasieu,8.8
May,2011,Calcasieu,8.82
Jun,2011,Calcasieu,12.15
Jul,2011,Calcasieu,7.927272727
Aug,2011,Calcasieu,9.690909091
Sep,2011,Calcasieu,11.22
Oct,2011,Calcasieu,9.21
Nov,2011,Calcasieu,6.68
Dec,2011,Calcasieu,6.84
Jan,2011,Jefferson,7.89
Feb,2011,Jefferson,9.344444444
Mar,2011,Jefferson,9.163636364
Apr,2011,Jefferson,8.79
May,2011,Jefferson,9.16
Jun,2011,Jefferson,12.9
Jul,2011,Jefferson,7.19
Aug,2011,Jefferson,12.88181818
Sep,2011,Jefferson,10.81
Oct,2011,Jefferson,9.01
Nov,2011,Jefferson,6.345454545
Dec,2011,Jefferson,6.93
Jan,2011,Ouachita,7.47
Feb,2011,Ouachita,8.255555556
Mar,2011,Ouachita,9.27
Apr,2011,Ouachita,8.09
May,2011,Ouachita,9.25
Jun,2011,Ouachita,13.33
Jul,2011,Ouachita,9.077777778
Aug,2011,Ouachita,12.15
Sep,2011,Ouachita,13.17
Oct,2011,Ouachita,8.755555556
Nov,2011,Ouachita,7.03
Dec,2011,Ouachita,6.3
Jan,2011,West Baton Rouge,9.825806452
Feb,2011,West Baton Rouge,9.911538462
Mar,2011,West Baton Rouge,10.23666667
Apr,2011,West Baton Rouge,10.95714286
May,2011,West Baton Rouge,11.88928571
Jun,2011,West Baton Rouge,12.89666667
Jul,2011,West Baton Rouge,10.64230769
Aug,2011,West Baton Rouge,14.39655172
Sep,2011,West Baton Rouge,13.31
Oct,2011,West Baton Rouge,11.7
Nov,2011,West Baton Rouge,8.856666667
Dec,2011,West Baton Rouge,9.003225806
Jan,2011,Caddo,8.76
Feb,2011,Caddo,10.26666667
Mar,2011,Caddo,12.93636364
Apr,2011,Caddo,14.17
May,2011,Caddo,14.81
Jun,2011,Caddo,14.3
Jul,2011,Caddo,12.1
Aug,2011,Caddo,13.9
Sep,2011,Caddo,13.375
Oct,2011,Caddo,10.61
Nov,2011,Caddo,9.32
Dec,2011,Caddo,10.36
Jan,2011,Caddo,7.1
Feb,2011,Caddo,11.375
Mar,2011,Caddo,11.575
Apr,2011,Caddo,12.2
May,2011,Caddo,7.533333333
Jun,2011,Caddo,14.5
Jul,2011,Caddo,11.16666667
Aug,2011,Caddo,13.36666667
Sep,2011,Caddo,16.1
Oct,2011,Caddo,5.833333333
Nov,2011,Caddo,9.55
Dec,2011,Caddo,14.05
Jan,2011,Calcasieu,6.44
Feb,2011,Calcasieu,6.477777778
Mar,2011,Calcasieu,11.1
Apr,2011,Calcasieu,11.54
May,2011,Calcasieu,8.79
Jun,2011,Calcasieu,12.02
Jul,2011,Calcasieu,7.454545455
Aug,2011,Calcasieu,9.281818182
Sep,2011,Calcasieu,11.47272727
Oct,2011,Calcasieu,10.47
Nov,2011,Calcasieu,6
Dec,2011,Calcasieu,6.39
Jan,2012,Rapides,6.845454545
Feb,2012,Rapides,4.911111111
Mar,2012,Rapides,7.490909091
Apr,2012,Rapides,6.744444444
May,2012,Rapides,11.60769231
Jun,2012,Rapides,10.96363636
Jul,2012,Rapides,8.463636364
Aug,2012,Rapides,8.6
Sep,2012,Rapides,9.58
Oct,2012,Rapides,8.82
Nov,2012,Rapides,9.96
Dec,2012,Rapides,4.133333333
Jan,2012,East Baton Rouge,10.27
Feb,2012,East Baton Rouge,8.027586207
Mar,2012,East Baton Rouge,7.661290323
Apr,2012,East Baton Rouge,8.842857143
May,2012,East Baton Rouge,12.19032258
Jun,2012,East Baton Rouge,11.1037037
Jul,2012,East Baton Rouge,9.744827586
Aug,2012,East Baton Rouge,9.933333333
Sep,2012,East Baton Rouge,10.46923077
Oct,2012,East Baton Rouge,10.01333333
Nov,2012,East Baton Rouge,10.69655172
Dec,2012,East Baton Rouge,8.139285714
Jan,2012,East Baton Rouge,12.5
Feb,2012,East Baton Rouge,7.1
Mar,2012,East Baton Rouge,6.5
Apr,2012,East Baton Rouge,7.9
May,2012,East Baton Rouge,13.9
Jun,2012,East Baton Rouge,12.56666667
Jul,2012,East Baton Rouge,6.4
Aug,2012,East Baton Rouge,11.45
Sep,2012,East Baton Rouge,7.9
Oct,2012,East Baton Rouge,6.4
Nov,2012,East Baton Rouge,7.4
Dec,2012,East Baton Rouge,8.4
Jan,2012,St. Bernard,13.3
Feb,2012,St. Bernard,7.82
Mar,2012,St. Bernard,7.56
Apr,2012,St. Bernard,13.2
May,2012,St. Bernard,13.8
Jun,2012,St. Bernard,10.28
Jul,2012,St. Bernard,7.82
Aug,2012,St. Bernard,8.14
Sep,2012,St. Bernard,11.04
Oct,2012,St. Bernard,9.66
Nov,2012,St. Bernard,9.833333333
Dec,2012,St. Bernard,13.83333333
Jan,2012,Ascension,8.327272727
Feb,2012,Ascension,8.733333333
Mar,2012,Ascension,7.281818182
Apr,2012,Ascension,10.69
May,2012,Ascension,12.46
Jun,2012,Ascension,11.27
Jul,2012,Ascension,7.5
Aug,2012,Ascension,8.527272727
Sep,2012,Ascension,9.48
Oct,2012,Ascension,10.12
Nov,2012,Ascension,10.9
Dec,2012,Ascension,6.99
Jan,2012,Tangipahoa,7.754545455
Feb,2012,Tangipahoa,6.544444444
Mar,2012,Tangipahoa,6.3375
Apr,2012,Tangipahoa,9.828571429
May,2012,Tangipahoa,11.68
Jun,2012,Tangipahoa,10.46666667
Jul,2012,Tangipahoa,8.777777778
Aug,2012,Tangipahoa,8.02
Sep,2012,Tangipahoa,10.06
Oct,2012,Tangipahoa,8.86
Nov,2012,Tangipahoa,9.414285714
Dec,2012,Tangipahoa,6.55
Jan,2012,Tangipahoa,10.4
Feb,2012,Tangipahoa,6.6
Mar,2012,Tangipahoa,4.95
Apr,2012,Tangipahoa,8.433333333
May,2012,Tangipahoa,12.75
Jun,2012,Tangipahoa,13.1
Jul,2012,Tangipahoa,7
Aug,2012,Tangipahoa,9.033333333
Sep,2012,Tangipahoa,9.266666667
Oct,2012,Tangipahoa,9.95
Nov,2012,Tangipahoa,9.2
Dec,2012,Tangipahoa,8.2
Jan,2012,Terrebonne,7.290909091
Feb,2012,Terrebonne,7.333333333
Mar,2012,Terrebonne,5.718181818
Apr,2012,Terrebonne,8.26
May,2012,Terrebonne,10.98
Jun,2012,Terrebonne,8.13
Jul,2012,Terrebonne,6.9
Aug,2012,Terrebonne,6.522222222
Sep,2012,Terrebonne,8.34
Oct,2012,Terrebonne,8.5
Nov,2012,Terrebonne,8.357142857
Dec,2012,Terrebonne,6.466666667
Jan,2012,Jefferson,7.770967742
Feb,2012,Jefferson,6.686206897
Mar,2012,Jefferson,6.851612903
Apr,2012,Jefferson,9.253846154
May,2012,Jefferson,11.44516129
Jun,2012,Jefferson,8.6
Jul,2012,Jefferson,8.24516129
Aug,2012,Jefferson,7.957692308
Sep,2012,Jefferson,10.00357143
Oct,2012,Jefferson,7.25
Nov,2012,Jefferson,9.448148148
Dec,2012,Jefferson,6.426666667
Jan,2012,Lafayette,7.8
Feb,2012,Lafayette,6.611111111
Mar,2012,Lafayette,7.025
Apr,2012,Lafayette,8.28
May,2012,Lafayette,11
Jun,2012,Lafayette,10.46
Jul,2012,Lafayette,9.48
Aug,2012,Lafayette,8.8
Sep,2012,Lafayette,9.54
Oct,2012,Lafayette,8.53
Nov,2012,Lafayette,8.94
Dec,2012,Lafayette,5.625
Jan,2012,Calcasieu,7.8
Feb,2012,Calcasieu,6.611111111
Mar,2012,Calcasieu,7.025
Apr,2012,Calcasieu,8.28
May,2012,Calcasieu,11
Jun,2012,Calcasieu,10.46
Jul,2012,Calcasieu,9.48
Aug,2012,Calcasieu,8.8
Sep,2012,Calcasieu,9.54
Oct,2012,Calcasieu,8.53
Nov,2012,Calcasieu,8.94
Dec,2012,Calcasieu,5.625
Jan,2012,Jefferson,9.581818182
Feb,2012,Jefferson,6.677777778
Mar,2012,Jefferson,7.072727273
Apr,2012,Jefferson,8.12
May,2012,Jefferson,11.66
Jun,2012,Jefferson,9.12
Jul,2012,Jefferson,8.82
Aug,2012,Jefferson,7.6875
Sep,2012,Jefferson,10.37857143
Oct,2012,Jefferson,9.3
Nov,2012,Jefferson,12.46
Dec,2012,Jefferson,5.97
Jan,2012,Ouachita,9.672727273
Feb,2012,Ouachita,5.575
Mar,2012,Ouachita,7.1
Apr,2012,Ouachita,7.688888889
May,2012,Ouachita,14.5
Jun,2012,Ouachita,11.58461538
Jul,2012,Ouachita,9.16
Aug,2012,Ouachita,10.93636364
Sep,2012,Ouachita,8.91
Oct,2012,Ouachita,8.63
Nov,2012,Ouachita,9.74
Dec,2012,Ouachita,6.4
Jan,2012,West Baton Rouge,9.764
Feb,2012,West Baton Rouge,8.2
Mar,2012,West Baton Rouge,9.07826087
Apr,2012,West Baton Rouge,9.435714286
May,2012,West Baton Rouge,12.4037037
Jun,2012,West Baton Rouge,10.75517241
Jul,2012,West Baton Rouge,9.322580645
Aug,2012,West Baton Rouge,9.9
Sep,2012,West Baton Rouge,10.72380952
Oct,2012,West Baton Rouge,10.46785714
Nov,2012,West Baton Rouge,10.04482759
Dec,2012,West Baton Rouge,8.15
Jan,2012,Caddo,11.92727273
Feb,2012,Caddo,8.177777778
Mar,2012,Caddo,11.60909091
Apr,2012,Caddo,10.61
May,2012,Caddo,15.51
Jun,2012,Caddo,16.44
Jul,2012,Caddo,11.2125
Aug,2012,Caddo,13.06
Sep,2012,Caddo,10.41111111
Oct,2012,Caddo,10.8875
Nov,2012,Caddo,12.62
Dec,2012,Caddo,9.56
Jan,2012,Caddo,8.9
Feb,2012,Caddo,9.766666667
Mar,2012,Caddo,9.466666667
Apr,2012,Caddo,12.73333333
May,2012,Caddo,12.45
Jun,2012,Caddo,15.8
Jul,2012,Caddo,10.4
Aug,2012,Caddo,12.86666667
Sep,2012,Caddo,10.5
Oct,2012,Caddo,17.95
Nov,2012,Caddo,15.3
Dec,2012,Caddo,9.9
Jan,2012,Calcasieu,5.963636364
Feb,2012,Calcasieu,6.344444444
Mar,2012,Calcasieu,6.016666667
Apr,2012,Calcasieu,8.666666667
May,2012,Calcasieu,10.84545455
Jun,2012,Calcasieu,10.67
Jul,2012,Calcasieu,9.55
Aug,2012,Calcasieu,7.85
Sep,2012,Calcasieu,7.881818182
Oct,2012,Calcasieu,7.4875
Nov,2012,Calcasieu,7.75
Dec,2012,Calcasieu,7.27
Jan,2013,Rapides,5.372727273
Feb,2013,Rapides,7.111111111
Mar,2013,Rapides,7.27
Apr,2013,Rapides,6.57
May,2013,Rapides,6.672727273
Jun,2013,Rapides,7.516666667
Jul,2013,Rapides,7.588888889
Aug,2013,Rapides,9.025
Sep,2013,Rapides,10.64
Oct,2013,Rapides,6.054545455
Nov,2013,Rapides,6.816666667
Dec,2013,Rapides,6.67
Jan,2013,East Baton Rouge,7.032258065
Feb,2013,East Baton Rouge,7.375
Mar,2013,East Baton Rouge,9.374193548
Apr,2013,East Baton Rouge,6.851724138
May,2013,East Baton Rouge,6.97
Jun,2013,East Baton Rouge,8.64
Jul,2013,East Baton Rouge,8.527272727
Aug,2013,East Baton Rouge,9.783870968
Sep,2013,East Baton Rouge,10.04666667
Oct,2013,East Baton Rouge,8.514814815
Nov,2013,East Baton Rouge,7.76
Dec,2013,East Baton Rouge,9.793333333
Jan,2013,East Baton Rouge,7.166666667
Feb,2013,East Baton Rouge,8.8
Mar,2013,East Baton Rouge,9.133333333
Apr,2013,East Baton Rouge,8.7
May,2013,East Baton Rouge,4.6
Jun,2013,East Baton Rouge,8
Jul,2013,East Baton Rouge,10.1
Aug,2013,East Baton Rouge,15.65
Sep,2013,East Baton Rouge,9.6
Oct,2013,East Baton Rouge,7.35
Nov,2013,East Baton Rouge,4.6
Dec,2013,East Baton Rouge,12.93333333
Jan,2013,Iberville,8.427272727
Feb,2013,Iberville,7.1
Mar,2013,Iberville,9.01
Apr,2013,Iberville,6.24
May,2013,Iberville,6.427272727
Jun,2013,Iberville,7.42
Jul,2013,Iberville,7.55
Aug,2013,Iberville,7.133333333
Sep,2013,Iberville,8.5375
Oct,2013,Iberville,8.036363636
Nov,2013,Iberville,9.36
Dec,2013,Iberville,5.7625
Jan,2013,St. Bernard,9.15
Feb,2013,St. Bernard,7.86
Mar,2013,St. Bernard,9.42
Apr,2013,St. Bernard,7.64
May,2013,St. Bernard,6.56
Jun,2013,St. Bernard,8.56
Jul,2013,St. Bernard,6.26
Aug,2013,St. Bernard,8.62
Sep,2013,St. Bernard,9
Oct,2013,St. Bernard,5.783333333
Nov,2013,St. Bernard,7.14
Dec,2013,St. Bernard,8.68
Jan,2013,Ascension,7.127272727
Feb,2013,Ascension,8.428571429
Mar,2013,Ascension,9.053846154
Apr,2013,Ascension,7.26
May,2013,Ascension,6.790909091
Jun,2013,Ascension,8.74
Jul,2013,Ascension,8.94
Aug,2013,Ascension,9.61
Sep,2013,Ascension,10.35
Oct,2013,Ascension,8.281818182
Nov,2013,Ascension,10.28
Dec,2013,Ascension,10.8
Jan,2013,Tangipahoa,6.816666667
Feb,2013,Tangipahoa,5.422222222
Mar,2013,Tangipahoa,10.18
Apr,2013,Tangipahoa,5.58
May,2013,Tangipahoa,5.418181818
Jun,2013,Tangipahoa,7.55
Jul,2013,Tangipahoa,7.444444444
Aug,2013,Tangipahoa,8.31
Sep,2013,Tangipahoa,10.01111111
Oct,2013,Tangipahoa,6.718181818
Nov,2013,Tangipahoa,8.85
Dec,2013,Tangipahoa,6.8125
Jan,2013,Tangipahoa,8.2
Feb,2013,Tangipahoa,9.1
Mar,2013,Tangipahoa,9.3
Apr,2013,Tangipahoa,6.45
May,2013,Tangipahoa,6.6
Jun,2013,Tangipahoa,8.4
Jul,2013,Tangipahoa,6.966666667
Aug,2013,Tangipahoa,9.75
Sep,2013,Tangipahoa,9.766666667
Oct,2013,Tangipahoa,5.166666667
Nov,2013,Tangipahoa,6.3
Dec,2013,Tangipahoa,5.48
Jan,2013,Terrebonne,6.733333333
Feb,2013,Terrebonne,6.38
Mar,2013,Terrebonne,8.94
Apr,2013,Terrebonne,6
May,2013,Terrebonne,5.845454545
Jun,2013,Terrebonne,6.89
Jul,2013,Terrebonne,7.2
Aug,2013,Terrebonne,7.49
Sep,2013,Terrebonne,7.21
Oct,2013,Terrebonne,6.463636364
Nov,2013,Terrebonne,7.93
Dec,2013,Terrebonne,8.6
Jan,2013,Jefferson,8.110526316
Feb,2013,Jefferson,6.203571429
Mar,2013,Jefferson,8.303333333
Apr,2013,Jefferson,6.37
May,2013,Jefferson,6.648387097
Jun,2013,Jefferson,8.05
Jul,2013,Jefferson,7.473333333
Aug,2013,Jefferson,8.2
Sep,2013,Jefferson,7.436666667
Oct,2013,Jefferson,6.953846154
Nov,2013,Jefferson,5.615384615
Dec,2013,Jefferson,7.496153846
Jan,2013,Lafayette,6.181818182
Feb,2013,Lafayette,8.5875
Mar,2013,Lafayette,7.15
Apr,2013,Lafayette,6.58
May,2013,Lafayette,6.290909091
Jun,2013,Lafayette,7.81
Jul,2013,Lafayette,7.46
Aug,2013,Lafayette,9.36
Sep,2013,Lafayette,9.41
Oct,2013,Lafayette,8.454545455
Nov,2013,Lafayette,9.31
Dec,2013,Lafayette,8.366666667
Jan,2013,Calcasieu,6.54
Feb,2013,Calcasieu,8.0625
Mar,2013,Calcasieu,7.29
Apr,2013,Calcasieu,6.79
May,2013,Calcasieu,7.509090909
Jun,2013,Calcasieu,9.36
Jul,2013,Calcasieu,8.46
Aug,2013,Calcasieu,9.54
Sep,2013,Calcasieu,8.690909091
Oct,2013,Calcasieu,8.2
Nov,2013,Calcasieu,6.9
Dec,2013,Calcasieu,8.3
Jan,2013,Jefferson,9.385714286
Feb,2013,Jefferson,7.844444444
Mar,2013,Jefferson,9.35
Apr,2013,Jefferson,6.37
May,2013,Jefferson,6.809090909
Jun,2013,Jefferson,8.36
Jul,2013,Jefferson,7.77
Aug,2013,Jefferson,8.58
Sep,2013,Jefferson,8.33
Oct,2013,Jefferson,6.781818182
Nov,2013,Jefferson,7.84
Dec,2013,Jefferson,7.31
Jan,2013,Ouachita,5.485714286
Feb,2013,Ouachita,5.545454545
Mar,2013,Ouachita,7.9
Apr,2013,Ouachita,6.09
May,2013,Ouachita,6.727272727
Jun,2013,Ouachita,8.91
Jul,2013,Ouachita,9.36
Aug,2013,Ouachita,13.29
Sep,2013,Ouachita,13.6875
Oct,2013,Ouachita,6.245454545
Nov,2013,Ouachita,6.022222222
Dec,2013,Ouachita,8.390909091
Jan,2013,West Baton Rouge,7.123333333
Feb,2013,West Baton Rouge,8.096296296
Mar,2013,West Baton Rouge,9.448
Apr,2013,West Baton Rouge,7.673333333
May,2013,West Baton Rouge,7.956666667
Jun,2013,West Baton Rouge,9.78
Jul,2013,West Baton Rouge,9.451612903
Aug,2013,West Baton Rouge,10.27741935
Sep,2013,West Baton Rouge,10.44333333
Oct,2013,West Baton Rouge,8.848387097
Nov,2013,West Baton Rouge,7.162068966
Dec,2013,West Baton Rouge,9.435483871
Jan,2013,Caddo,8.311111111
Feb,2013,Caddo,9.03
Mar,2013,Caddo,9.154545455
Apr,2013,Caddo,10.67
May,2013,Caddo,10.31
Jun,2013,Caddo,11.14444444
Jul,2013,Caddo,12.42222222
Aug,2013,Caddo,13.86
Sep,2013,Caddo,14.69
Oct,2013,Caddo,7.445454545
Nov,2013,Caddo,11.56666667
Dec,2013,Caddo,11.16363636
Jan,2013,Caddo,11.75
Feb,2013,Caddo,10.2
Mar,2013,Caddo,12.1
Apr,2013,Caddo,10.35
May,2013,Caddo,10.1
Jun,2013,Caddo,10.9
Jul,2013,Caddo,8.1
Aug,2013,Caddo,18.1
Sep,2013,Caddo,14.7
Oct,2013,Caddo,5.333333333
Nov,2013,Caddo,5.45
Dec,2013,Caddo,17.73333333
Jan,2013,Calcasieu,4.890909091
Feb,2013,Calcasieu,6.74
Mar,2013,Calcasieu,7.06
Apr,2013,Calcasieu,6.76
May,2013,Calcasieu,6.9
Jun,2013,Calcasieu,8.03
Jul,2013,Calcasieu,8.36
Aug,2013,Calcasieu,9.82
Sep,2013,Calcasieu,9.67
Oct,2013,Calcasieu,6.709090909
Nov,2013,Calcasieu,7.01
Dec,2013,Calcasieu,7.181818182
Jan,2014,Rapides,5.72
Feb,2014,Rapides,9.741666667
Mar,2014,Rapides,6.79
Apr,2014,Rapides,8.02
May,2014,Rapides,6.44
Jun,2014,Rapides,7.644444444
Jul,2014,Rapides,9.930769231
Aug,2014,Rapides,8.245454545
Sep,2014,Rapides,7.045454545
Oct,2014,Rapides,5.516666667
Nov,2014,Rapides,6.753846154
Dec,2014,Rapides,8.18
Jan,2014,East Baton Rouge,7.517241379
Feb,2014,East Baton Rouge,7.996428571
Mar,2014,East Baton Rouge,8.176666667
Apr,2014,East Baton Rouge,8.52
May,2014,East Baton Rouge,8.516666667
Jun,2014,East Baton Rouge,7.986666667
Jul,2014,East Baton Rouge,10.4
Aug,2014,East Baton Rouge,10.73225806
Sep,2014,East Baton Rouge,8.722727273
Oct,2014,East Baton Rouge,8.373333333
Nov,2014,East Baton Rouge,8.263333333
Dec,2014,East Baton Rouge,9.129032258
Jan,2014,East Baton Rouge,5
Feb,2014,East Baton Rouge,10.825
Mar,2014,East Baton Rouge,9.533333333
Apr,2014,East Baton Rouge,8.3
May,2014,East Baton Rouge,9.7
Jun,2014,East Baton Rouge,6.433333333
Jul,2014,East Baton Rouge,14.95
Aug,2014,East Baton Rouge,17.4
Sep,2014,East Baton Rouge,10.7
Oct,2014,East Baton Rouge,10.65
Nov,2014,East Baton Rouge,7.2
Dec,2014,East Baton Rouge,4.575
Jan,2014,Iberville,6.781818182
Feb,2014,Iberville,8.377777778
Mar,2014,Iberville,7.618181818
Apr,2014,Iberville,8.16
May,2014,Iberville,6.14
Jun,2014,Iberville,5.63
Jul,2014,Iberville,9.327272727
Aug,2014,Iberville,8.37
Sep,2014,Iberville,7.59
Oct,2014,Iberville,6.86
Nov,2014,Iberville,8.244444444
Dec,2014,Iberville,9.86
Jan,2014,St. Bernard,6.7
Feb,2014,St. Bernard,9.585714286
Mar,2014,St. Bernard,8.34
Apr,2014,St. Bernard,10.62
May,2014,St. Bernard,10.24
Jun,2014,St. Bernard,11.46
Jul,2014,St. Bernard,13
Aug,2014,St. Bernard,11.35
Sep,2014,St. Bernard,10.85
Oct,2014,St. Bernard,8.75
Nov,2014,St. Bernard,5.2
Dec,2014,St. Bernard,11.32
Jan,2014,Ascension,8.15
Feb,2014,Ascension,12.1
Mar,2014,Ascension,9.12
Apr,2014,Ascension,9.27
May,2014,Ascension,7.5
Jun,2014,Ascension,6.64
Jul,2014,Ascension,10.32727273
Aug,2014,Ascension,10.92727273
Sep,2014,Ascension,8.054545455
Oct,2014,Ascension,8.077777778
Nov,2014,Ascension,6.9625
Dec,2014,Ascension,11.69230769
Jan,2014,Tangipahoa,7.814285714
Feb,2014,Tangipahoa,7.766666667
Mar,2014,Tangipahoa,8.716666667
Apr,2014,Tangipahoa,8.32
May,2014,Tangipahoa,7.58
Jun,2014,Tangipahoa,6.65
Jul,2014,Tangipahoa,11.11818182
Aug,2014,Tangipahoa,9.633333333
Sep,2014,Tangipahoa,7.69
Oct,2014,Tangipahoa,6.78
Nov,2014,Tangipahoa,6.56
Dec,2014,Tangipahoa,7.718181818
Jan,2014,Tangipahoa,6.15
Feb,2014,Tangipahoa,6.5
Mar,2014,Tangipahoa,8.066666667
Apr,2014,Tangipahoa,10.46666667
May,2014,Tangipahoa,9.4
Jun,2014,Tangipahoa,5.566666667
Jul,2014,Tangipahoa,10.93333333
Aug,2014,Tangipahoa,11.3
Sep,2014,Tangipahoa,8.42
Oct,2014,Tangipahoa,6.5
Nov,2014,Tangipahoa,6.92
Dec,2014,Tangipahoa,8.366666667
Jan,2014,Terrebonne,6.471428571
Feb,2014,Terrebonne,7.883333333
Mar,2014,Terrebonne,7.67
Apr,2014,Terrebonne,7.71
May,2014,Terrebonne,6.35
Jun,2014,Terrebonne,5.16
Jul,2014,Terrebonne,9.772727273
Aug,2014,Terrebonne,7.6
Sep,2014,Terrebonne,6.51
Oct,2014,Terrebonne,6.95
Nov,2014,Terrebonne,7.86
Dec,2014,Terrebonne,9.490909091
Jan,2014,Jefferson,7.991666667
Feb,2014,Jefferson,7.832142857
Mar,2014,Jefferson,7.048387097
Apr,2014,Jefferson,7.03
May,2014,Jefferson,7.137931034
Jun,2014,Jefferson,7.47
Jul,2014,Jefferson,9.625806452
Aug,2014,Jefferson,10.78571429
Sep,2014,Jefferson,7.226923077
Oct,2014,Jefferson,7.090322581
Nov,2014,Jefferson,6.486666667
Dec,2014,Jefferson,7.425806452
Jan,2014,Lafayette,7.277777778
Feb,2014,Lafayette,9.16
Mar,2014,Lafayette,7.94
Apr,2014,Lafayette,9.14
May,2014,Lafayette,6.68
Jun,2014,Lafayette,6.3
Jul,2014,Lafayette,9.454545455
Aug,2014,Lafayette,8.66
Sep,2014,Lafayette,7.1
Oct,2014,Lafayette,6.790909091
Nov,2014,Lafayette,8.43
Dec,2014,Lafayette,9
Jan,2014,Calcasieu,6.37
Feb,2014,Calcasieu,7.525
Mar,2014,Calcasieu,6.416666667
Apr,2014,Calcasieu,8.47
May,2014,Calcasieu,6.97
Jun,2014,Calcasieu,6.99
Jul,2014,Calcasieu,10.97272727
Aug,2014,Calcasieu,8.22
Sep,2014,Calcasieu,6.73
Oct,2014,Calcasieu,6.62
Nov,2014,Calcasieu,5.766666667
Dec,2014,Calcasieu,7.35
Jan,2014,Jefferson,8.5
Feb,2014,Jefferson,6.641666667
Mar,2014,Jefferson,7.227272727
Apr,2014,Jefferson,7.86
May,2014,Jefferson,6.94
Jun,2014,Jefferson,6.04
Jul,2014,Jefferson,10.89090909
Aug,2014,Jefferson,9.84
Sep,2014,Jefferson,7.28
Oct,2014,Jefferson,7.73
Nov,2014,Jefferson,6.77
Dec,2014,Jefferson,8.118181818
Jan,2014,Ouachita,6.533333333
Feb,2014,Ouachita,7.478571429
Mar,2014,Ouachita,8.25
Apr,2014,Ouachita,5.333333333
May,2014,Ouachita,7.488888889
Jun,2014,Ouachita,7.609090909
Jul,2014,Ouachita,9.763636364
Aug,2014,Ouachita,9.22
Sep,2014,Ouachita,8.1
Oct,2014,Ouachita,6.314285714
Nov,2014,Ouachita,6.8375
Dec,2014,Ouachita,6.858333333
Jan,2014,West Baton Rouge,7.348
Feb,2014,West Baton Rouge,8.557142857
Mar,2014,West Baton Rouge,8.832258065
Apr,2014,West Baton Rouge,9.003333333
May,2014,West Baton Rouge,8.14516129
Jun,2014,West Baton Rouge,8.451724138
Jul,2014,West Baton Rouge,11.612
Aug,2014,West Baton Rouge,11.69677419
Sep,2014,West Baton Rouge,8.573333333
Oct,2014,West Baton Rouge,8.425
Nov,2014,West Baton Rouge,7.968965517
Dec,2014,West Baton Rouge,8.761290323
Jan,2014,Caddo,7.3
Feb,2014,Caddo,11.71111111
Mar,2014,Caddo,11.52941176
Apr,2014,Caddo,9.7425
May,2014,Caddo,8.73
Jun,2014,Caddo,10.01
Jul,2014,Caddo,12.11
Aug,2014,Caddo,10.6
Sep,2014,Caddo,9.6
Oct,2014,Caddo,9.114285714
Nov,2014,Caddo,8.6375
Dec,2014,Caddo,9.8
Jan,2014,Caddo,8.2816
Feb,2014,Caddo,8.2816
Mar,2014,Caddo,8.2816
Apr,2014,Caddo,5.2
May,2014,Caddo,10
Jun,2014,Caddo,10.7125
Jul,2014,Caddo,8.2816
Aug,2014,Caddo,10.15
Sep,2014,Caddo,10.05
Oct,2014,Caddo,8.442857143
Nov,2014,Caddo,9.08
Dec,2014,Caddo,11.225
Jan,2014,Calcasieu,5.56
Feb,2014,Calcasieu,5.8
Mar,2014,Calcasieu,6.458333333
Apr,2014,Calcasieu,8.62
May,2014,Calcasieu,5.77
Jun,2014,Calcasieu,6.72
Jul,2014,Calcasieu,10.13636364
Aug,2014,Calcasieu,8.86
Sep,2014,Calcasieu,6.8
Oct,2014,Calcasieu,5.64
Nov,2014,Calcasieu,5.84
Dec,2014,Calcasieu,6.254545455
Jan,2015,Rapides,5.309090909
Feb,2015,Rapides,7.822222222
Mar,2015,Rapides,6.163636364
Apr,2015,Rapides,7.03
May,2015,Rapides,5.68
Jun,2015,Rapides,8.02
Jul,2015,Rapides,9.2
Aug,2015,Rapides,9.281818182
Sep,2015,Rapides,8.233333333
Oct,2015,Rapides,9.03
Nov,2015,Rapides,3.9625
Dec,2015,Rapides,5.777777778
Jan,2015,East Baton Rouge,9.338709677
Feb,2015,East Baton Rouge,9.828571429
Mar,2015,East Baton Rouge,7.633333333
Apr,2015,East Baton Rouge,7.054545455
May,2015,East Baton Rouge,7.623333333
Jun,2015,East Baton Rouge,9.185185185
Jul,2015,East Baton Rouge,9.151612903
Aug,2015,East Baton Rouge,11.1516129
Sep,2015,East Baton Rouge,9.126666667
Oct,2015,East Baton Rouge,11.43809524
Nov,2015,East Baton Rouge,7.220833333
Dec,2015,East Baton Rouge,8
Jan,2015,East Baton Rouge,13.7
Feb,2015,East Baton Rouge,20.65
Mar,2015,East Baton Rouge,8.933333333
Apr,2015,East Baton Rouge,11.5
May,2015,East Baton Rouge,10.83333333
Jun,2015,East Baton Rouge,15.15
Jul,2015,East Baton Rouge,20.8
Aug,2015,East Baton Rouge,13.9
Sep,2015,East Baton Rouge,9.433333333
Oct,2015,East Baton Rouge,11.1
Nov,2015,East Baton Rouge,6.6
Dec,2015,East Baton Rouge,9.1
Jan,2015,Iberville,7.614285714
Feb,2015,Iberville,8.2816
Mar,2015,Iberville,8.2816
Apr,2015,Iberville,8.2816
May,2015,Iberville,8.2816
Jun,2015,Iberville,8.2816
Jul,2015,Iberville,8.2816
Aug,2015,Iberville,8.2816
Sep,2015,Iberville,8.2816
Oct,2015,Iberville,8.2816
Nov,2015,Iberville,8.2816
Dec,2015,Iberville,8.2816
Jan,2015,St. Bernard,9.7
Feb,2015,St. Bernard,11.425
Mar,2015,St. Bernard,7.525
Apr,2015,St. Bernard,9.366666667
May,2015,St. Bernard,10.64
Jun,2015,St. Bernard,15.1
Jul,2015,St. Bernard,10.6
Aug,2015,St. Bernard,9.22
Sep,2015,St. Bernard,6
Oct,2015,St. Bernard,9.28
Nov,2015,St. Bernard,4.88
Dec,2015,St. Bernard,7.3
Jan,2015,Ascension,9.0875
Feb,2015,Ascension,11.35
Mar,2015,Ascension,6.653846154
Apr,2015,Ascension,7.654545455
May,2015,Ascension,6.9
Jun,2015,Ascension,9.822222222
Jul,2015,Ascension,8.833333333
Aug,2015,Ascension,8.763636364
Sep,2015,Ascension,7.74
Oct,2015,Ascension,8.53
Nov,2015,Ascension,5.43
Dec,2015,Ascension,7.688888889
Jan,2015,Tangipahoa,8.011111111
Feb,2015,Tangipahoa,8.6
Mar,2015,Tangipahoa,6.763636364
Apr,2015,Tangipahoa,6.555555556
May,2015,Tangipahoa,6.23
Jun,2015,Tangipahoa,8.1
Jul,2015,Tangipahoa,9.09
Aug,2015,Tangipahoa,8.681818182
Sep,2015,Tangipahoa,7.01
Oct,2015,Tangipahoa,9.8
Nov,2015,Tangipahoa,4.566666667
Dec,2015,Tangipahoa,5.25
Jan,2015,Tangipahoa,7.2
Feb,2015,Tangipahoa,9.45
Mar,2015,Tangipahoa,5.55
Apr,2015,Tangipahoa,7.85
May,2015,Tangipahoa,6.16
Jun,2015,Tangipahoa,9
Jul,2015,Tangipahoa,8.16
Aug,2015,Tangipahoa,7.68
Sep,2015,Tangipahoa,7.9
Oct,2015,Tangipahoa,7.48
Nov,2015,Tangipahoa,4.525
Dec,2015,Tangipahoa,3.5
Jan,2015,Terrebonne,7.436363636
Feb,2015,Terrebonne,8.077777778
Mar,2015,Terrebonne,5.863636364
Apr,2015,Terrebonne,5.54
May,2015,Terrebonne,5.86
Jun,2015,Terrebonne,7.52
Jul,2015,Terrebonne,7.06
Aug,2015,Terrebonne,8.018181818
Sep,2015,Terrebonne,6.32
Oct,2015,Terrebonne,10.21
Nov,2015,Terrebonne,4.62
Dec,2015,Terrebonne,6.54
Jan,2015,Jefferson,8.694736842
Feb,2015,Jefferson,10.46
Mar,2015,Jefferson,6.2
Apr,2015,Jefferson,7.42
May,2015,Jefferson,4.92
Jun,2015,Jefferson,8.82
Jul,2015,Jefferson,11.12
Aug,2015,Jefferson,7.72
Sep,2015,Jefferson,6.66
Oct,2015,Jefferson,7.08
Nov,2015,Jefferson,4.02
Dec,2015,Jefferson,5.74
Jan,2015,Lafayette,7.05
Feb,2015,Lafayette,8.922222222
Mar,2015,Lafayette,6.336363636
Apr,2015,Lafayette,6.44
May,2015,Lafayette,6.3
Jun,2015,Lafayette,9.1
Jul,2015,Lafayette,9.28
Aug,2015,Lafayette,8.081818182
Sep,2015,Lafayette,7.8
Oct,2015,Lafayette,8.76
Nov,2015,Lafayette,5.66
Dec,2015,Lafayette,6.95
Jan,2015,Calcasieu,7.7
Feb,2015,Calcasieu,8.2816
Mar,2015,Calcasieu,8.2816
Apr,2015,Calcasieu,8.2816
May,2015,Calcasieu,8.2816
Jun,2015,Calcasieu,8.2816
Jul,2015,Calcasieu,8.2816
Aug,2015,Calcasieu,8.2816
Sep,2015,Calcasieu,8.2816
Oct,2015,Calcasieu,8.2816
Nov,2015,Calcasieu,8.2816
Dec,2015,Calcasieu,8.2816
Jan,2015,Jefferson,9.16
Feb,2015,Jefferson,9.966666667
Mar,2015,Jefferson,7.027272727
Apr,2015,Jefferson,7.563636364
May,2015,Jefferson,8.76
Jun,2015,Jefferson,9.711111111
Jul,2015,Jefferson,9.6
Aug,2015,Jefferson,8.954545455
Sep,2015,Jefferson,7.33
Oct,2015,Jefferson,7.963636364
Nov,2015,Jefferson,4.83
Dec,2015,Jefferson,5.23
Jan,2015,Ouachita,9.7
Feb,2015,Ouachita,7.715384615
Mar,2015,Ouachita,6.025
Apr,2015,Ouachita,7
May,2015,Ouachita,5.609090909
Jun,2015,Ouachita,9.73
Jul,2015,Ouachita,10.16
Aug,2015,Ouachita,9.336363636
Sep,2015,Ouachita,9.62
Oct,2015,Ouachita,9.79
Nov,2015,Ouachita,5.488888889
Dec,2015,Ouachita,6.945454545
Jan,2015,West Baton Rouge,8.076666667
Feb,2015,West Baton Rouge,10.24230769
Mar,2015,West Baton Rouge,7.316129032
Apr,2015,West Baton Rouge,7.720689655
May,2015,West Baton Rouge,7.986666667
Jun,2015,West Baton Rouge,10.20454545
Jul,2015,West Baton Rouge,10.17777778
Aug,2015,West Baton Rouge,11.26129032
Sep,2015,West Baton Rouge,9.558333333
Oct,2015,West Baton Rouge,10.60096774
Nov,2015,West Baton Rouge,7.153333333
Dec,2015,West Baton Rouge,7.770967742
Jan,2015,Caddo,6
Feb,2015,Caddo,9.5875
Mar,2015,Caddo,7.4
Apr,2015,Caddo,5.1
May,2015,Caddo,9.063636364
Jun,2015,Caddo,9.978571429
Jul,2015,Caddo,16.41764706
Aug,2015,Caddo,12.66470588
Sep,2015,Caddo,10.46666667
Oct,2015,Caddo,10.18888889
Nov,2015,Caddo,7.429411765
Dec,2015,Caddo,9.969230769
Jan,2015,Caddo,4.5
Feb,2015,Caddo,8.65
Mar,2015,Caddo,8.533333333
Apr,2015,Caddo,11.2
May,2015,Caddo,7.55
Jun,2015,Caddo,15.5
Jul,2015,Caddo,11.8
Aug,2015,Caddo,10.72
Sep,2015,Caddo,10
Oct,2015,Caddo,11.18
Nov,2015,Caddo,7.133333333
Dec,2015,Caddo,12
Jan,2015,Calcasieu,5.72
Feb,2015,Calcasieu,7.25
Mar,2015,Calcasieu,5.816666667
Apr,2015,Calcasieu,6.645454545
May,2015,Calcasieu,5.709090909
Jun,2015,Calcasieu,9.981818182
Jul,2015,Calcasieu,8.690909091
Aug,2015,Calcasieu,9.415384615
Sep,2015,Calcasieu,8.33
Oct,2015,Calcasieu,7.16
Nov,2015,Calcasieu,5.345454545
Dec,2015,Calcasieu,7.738461538
Jan,2016,Rapides,7.07
Feb,2016,Rapides,7.3
Mar,2016,Rapides,8.027272727
Apr,2016,Rapides,6.68
May,2016,Rapides,7.471428571
Jun,2016,Rapides,7.309090909
Jul,2016,Rapides,8.82
Aug,2016,Rapides,8.645454545
Sep,2016,Rapides,8.71
Oct,2016,Rapides,8.866666667
Nov,2016,Rapides,8.05
Dec,2016,Rapides,8.2816
Jan,2016,East Baton Rouge,7.106451613
Feb,2016,East Baton Rouge,7.830769231
Mar,2016,East Baton Rouge,8.442857143
Apr,2016,East Baton Rouge,8.127272727
May,2016,East Baton Rouge,8.585714286
Jun,2016,East Baton Rouge,11.172
Jul,2016,East Baton Rouge,10.10322581
Aug,2016,East Baton Rouge,9.766666667
Sep,2016,East Baton Rouge,11.45384615
Oct,2016,East Baton Rouge,17.62903226
Nov,2016,East Baton Rouge,10.13
Dec,2016,East Baton Rouge,8.003225806
Jan,2016,East Baton Rouge,8.066666667
Feb,2016,East Baton Rouge,10.15
Mar,2016,East Baton Rouge,9.933333333
Apr,2016,East Baton Rouge,7.566666667
May,2016,East Baton Rouge,11.4
Jun,2016,East Baton Rouge,10.92
Jul,2016,East Baton Rouge,13.5
Aug,2016,East Baton Rouge,7.333333333
Sep,2016,East Baton Rouge,13.2
Oct,2016,East Baton Rouge,11
Nov,2016,East Baton Rouge,5.3
Dec,2016,East Baton Rouge,8.3
Jan,2016,Iberville,7.616666667
Feb,2016,Iberville,6.325
Mar,2016,Iberville,12.13333333
Apr,2016,Iberville,7.633333333
May,2016,Iberville,6.8
Jun,2016,Iberville,7.75
Jul,2016,Iberville,8.84
Aug,2016,Iberville,7.22
Sep,2016,Iberville,9.06
Oct,2016,Iberville,6.9
Nov,2016,Iberville,10.025
Dec,2016,Iberville,7
Jan,2016,St. Bernard,6.854545455
Feb,2016,St. Bernard,7.055555556
Mar,2016,St. Bernard,8.072727273
Apr,2016,St. Bernard,7.466666667
May,2016,St. Bernard,8.909090909
Jun,2016,St. Bernard,8.27
Jul,2016,St. Bernard,9.544444444
Aug,2016,St. Bernard,7.885714286
Sep,2016,St. Bernard,8.141666667
Oct,2016,St. Bernard,9.1
Nov,2016,St. Bernard,10.14
Dec,2016,St. Bernard,7.8
Jan,2016,Ascension,4.7125
Feb,2016,Ascension,5.177777778
Mar,2016,Ascension,7.990909091
Apr,2016,Ascension,6.25
May,2016,Ascension,7.03
Jun,2016,Ascension,7.58
Jul,2016,Ascension,8.58
Aug,2016,Ascension,6.536363636
Sep,2016,Ascension,7.87
Oct,2016,Ascension,7.233333333
Nov,2016,Ascension,7.15
Dec,2016,Ascension,8.46
Jan,2016,Tangipahoa,4.55
Feb,2016,Tangipahoa,5.5
Mar,2016,Tangipahoa,5.833333333
Apr,2016,Tangipahoa,6
May,2016,Tangipahoa,6.52
Jun,2016,Tangipahoa,5.74
Jul,2016,Tangipahoa,8.56
Aug,2016,Tangipahoa,5.84
Sep,2016,Tangipahoa,8.38
Oct,2016,Tangipahoa,7.1
Nov,2016,Tangipahoa,6.516666667
Dec,2016,Tangipahoa,10.2
Jan,2016,Tangipahoa,6.18
Feb,2016,Tangipahoa,5.866666667
Mar,2016,Tangipahoa,7.554545455
Apr,2016,Tangipahoa,6.42
May,2016,Tangipahoa,7.62
Jun,2016,Tangipahoa,7.48
Jul,2016,Tangipahoa,7.76
Aug,2016,Tangipahoa,4.827272727
Sep,2016,Tangipahoa,5.477777778
Oct,2016,Tangipahoa,7.3
Nov,2016,Tangipahoa,8.86
Dec,2016,Tangipahoa,7.18
Jan,2016,Terrebonne,6.018181818
Feb,2016,Terrebonne,6.566666667
Mar,2016,Terrebonne,7.827272727
Apr,2016,Terrebonne,7.19
May,2016,Terrebonne,7.48
Jun,2016,Terrebonne,8.08
Jul,2016,Terrebonne,9.36
Aug,2016,Terrebonne,6.545454545
Sep,2016,Terrebonne,7.82
Oct,2016,Terrebonne,6.6875
Nov,2016,Terrebonne,8.375
Dec,2016,Terrebonne,7.27
Jan,2016,Jefferson,5.833333333
Feb,2016,Jefferson,6
Mar,2016,Jefferson,6.166666667
Apr,2016,Jefferson,6.06
May,2016,Jefferson,6.22
Jun,2016,Jefferson,5.4
Jul,2016,Jefferson,6.78
Aug,2016,Jefferson,6.92
Sep,2016,Jefferson,7.76
Oct,2016,Jefferson,6.3
Nov,2016,Jefferson,6.68
Dec,2016,Jefferson,5.94
Jan,2016,Lafayette,6.3
Feb,2016,Lafayette,6.111111111
Mar,2016,Lafayette,7.218181818
Apr,2016,Lafayette,5.86
May,2016,Lafayette,7.47
Jun,2016,Lafayette,7.11
Jul,2016,Lafayette,7.54
Aug,2016,Lafayette,6.027272727
Sep,2016,Lafayette,7.73
Oct,2016,Lafayette,8.877777778
Nov,2016,Lafayette,9.9
Dec,2016,Lafayette,4.3
Jan,2016,Calcasieu,6.018181818
Feb,2016,Calcasieu,6.566666667
Mar,2016,Calcasieu,7.827272727
Apr,2016,Calcasieu,7.19
May,2016,Calcasieu,7.48
Jun,2016,Calcasieu,8.08
Jul,2016,Calcasieu,9.36
Aug,2016,Calcasieu,6.545454545
Sep,2016,Calcasieu,7.82
Oct,2016,Calcasieu,6.6875
Nov,2016,Calcasieu,8.375
Dec,2016,Calcasieu,7.27
Jan,2016,Jefferson,6.109090909
Feb,2016,Jefferson,6
Mar,2016,Jefferson,8.291666667
Apr,2016,Jefferson,5.83
May,2016,Jefferson,6.95
Jun,2016,Jefferson,6.47
Jul,2016,Jefferson,7.12
Aug,2016,Jefferson,5.945454545
Sep,2016,Jefferson,7.422222222
Oct,2016,Jefferson,6.48
Nov,2016,Jefferson,7.32
Dec,2016,Jefferson,6.13
Jan,2016,Ouachita,10.42857143
Feb,2016,Ouachita,7.608333333
Mar,2016,Ouachita,5.418181818
Apr,2016,Ouachita,6.89
May,2016,Ouachita,7.49
Jun,2016,Ouachita,10.42222222
Jul,2016,Ouachita,8.928571429
Aug,2016,Ouachita,11.01875
Sep,2016,Ouachita,11.12
Oct,2016,Ouachita,8.708333333
Nov,2016,Ouachita,7.92
Dec,2016,Ouachita,6.054545455
Jan,2016,West Baton Rouge,7.016666667
Feb,2016,West Baton Rouge,7.527586207
Mar,2016,West Baton Rouge,9.010344828
Apr,2016,West Baton Rouge,7.996666667
May,2016,West Baton Rouge,8.853333333
Jun,2016,West Baton Rouge,9.99
Jul,2016,West Baton Rouge,10.71304348
Aug,2016,West Baton Rouge,8.629411765
Sep,2016,West Baton Rouge,9.069230769
Oct,2016,West Baton Rouge,10.87333333
Nov,2016,West Baton Rouge,10.76086957
Dec,2016,West Baton Rouge,8.125806452
Jan,2016,Caddo,9.291666667
Feb,2016,Caddo,9.716666667
Mar,2016,Caddo,7.484615385
Apr,2016,Caddo,10.02
May,2016,Caddo,8.866666667
Jun,2016,Caddo,10.71
Jul,2016,Caddo,13.26
Aug,2016,Caddo,11.14545455
Sep,2016,Caddo,9.31
Oct,2016,Caddo,11.12
Nov,2016,Caddo,10.77
Dec,2016,Caddo,8.372727273
Jan,2016,Caddo,8.633333333
Feb,2016,Caddo,14.65
Mar,2016,Caddo,6.7
Apr,2016,Caddo,7.733333333
May,2016,Caddo,11.6
Jun,2016,Caddo,10.875
Jul,2016,Caddo,15.75
Aug,2016,Caddo,10.13333333
Sep,2016,Caddo,10
Oct,2016,Caddo,11.26666667
Nov,2016,Caddo,9.8
Dec,2016,Caddo,9.8
Jan,2016,Calcasieu,5.35
Feb,2016,Calcasieu,5.93
Mar,2016,Calcasieu,9.4
Apr,2016,Calcasieu,7.145454545
May,2016,Calcasieu,8.2
Jun,2016,Calcasieu,7.12
Jul,2016,Calcasieu,10.51
Aug,2016,Calcasieu,7.654545455
Sep,2016,Calcasieu,8.672727273
Oct,2016,Calcasieu,7.372727273
Nov,2016,Calcasieu,7.57
Dec,2016,Calcasieu,6.744444444
Jan,2017,Rapides,5.16
Feb,2017,Rapides,6.728571429
Mar,2017,Rapides,9
Apr,2017,Rapides,8.685714286
May,2017,Rapides,7.436363636
Jun,2017,Rapides,7.63
Jul,2017,Rapides,8
Aug,2017,Rapides,9.14
Sep,2017,Rapides,10.39090909
Oct,2017,Rapides,9
Nov,2017,Rapides,7.855555556
Dec,2017,Rapides,6.772727273
Jan,2017,East Baton Rouge,6.520833333
Feb,2017,East Baton Rouge,8.014285714
Mar,2017,East Baton Rouge,8.186666667
Apr,2017,East Baton Rouge,9.868965517
May,2017,East Baton Rouge,7.286666667
Jun,2017,East Baton Rouge,6.089655172
Jul,2017,East Baton Rouge,7.232258065
Aug,2017,East Baton Rouge,6.7
Sep,2017,East Baton Rouge,8.433333333
Oct,2017,East Baton Rouge,5.796153846
Nov,2017,East Baton Rouge,8.304
Dec,2017,East Baton Rouge,7.955
Jan,2017,East Baton Rouge,7.6
Feb,2017,East Baton Rouge,10.2
Mar,2017,East Baton Rouge,5.15
Apr,2017,East Baton Rouge,7.1
May,2017,East Baton Rouge,9.8
Jun,2017,East Baton Rouge,7.1
Jul,2017,East Baton Rouge,7.733333333
Aug,2017,East Baton Rouge,12.7
Sep,2017,East Baton Rouge,12.3
Oct,2017,East Baton Rouge,6.7
Nov,2017,East Baton Rouge,9.2
Dec,2017,East Baton Rouge,12.16666667
Jan,2017,Iberville,6.109090909
Feb,2017,Iberville,7.088888889
Mar,2017,Iberville,7.66
Apr,2017,Iberville,9.62
May,2017,Iberville,8.881818182
Jun,2017,Iberville,9.14
Jul,2017,Iberville,9.34
Aug,2017,Iberville,8.38
Sep,2017,Iberville,9.23
Oct,2017,Iberville,7.009090909
Nov,2017,Iberville,7.24
Dec,2017,Iberville,7.26
Jan,2017,St. Bernard,6.55
Feb,2017,St. Bernard,8.575
Mar,2017,St. Bernard,7.08
Apr,2017,St. Bernard,9.92
May,2017,St. Bernard,7.883333333
Jun,2017,St. Bernard,11.425
Jul,2017,St. Bernard,8.24
Aug,2017,St. Bernard,7.05
Sep,2017,St. Bernard,9.52
Oct,2017,St. Bernard,6.6
Nov,2017,St. Bernard,6.2
Dec,2017,St. Bernard,9.975
Jan,2017,Ascension,4.581818182
Feb,2017,Ascension,6.244444444
Mar,2017,Ascension,7.65
Apr,2017,Ascension,7.32
May,2017,Ascension,8.263636364
Jun,2017,Ascension,10.61666667
Jul,2017,Ascension,9.32
Aug,2017,Ascension,9.85
Sep,2017,Ascension,10.7125
Oct,2017,Ascension,7.763636364
Nov,2017,Ascension,9.12
Dec,2017,Ascension,7.7
Jan,2017,Tangipahoa,6.222222222
Feb,2017,Tangipahoa,7.988888889
Mar,2017,Tangipahoa,7.29
Apr,2017,Tangipahoa,9.544444444
May,2017,Tangipahoa,7.97
Jun,2017,Tangipahoa,7.73
Jul,2017,Tangipahoa,9.36
Aug,2017,Tangipahoa,8.46
Sep,2017,Tangipahoa,8.78
Oct,2017,Tangipahoa,8.84
Nov,2017,Tangipahoa,7.9875
Dec,2017,Tangipahoa,6.311111111
Jan,2017,Tangipahoa,4.65
Feb,2017,Tangipahoa,4.875
Mar,2017,Tangipahoa,7.76
Apr,2017,Tangipahoa,11.18
May,2017,Tangipahoa,8.85
Jun,2017,Tangipahoa,12.2
Jul,2017,Tangipahoa,8.3
Aug,2017,Tangipahoa,7.925
Sep,2017,Tangipahoa,6.65
Oct,2017,Tangipahoa,4
Nov,2017,Tangipahoa,7.85
Dec,2017,Tangipahoa,6.65
Jan,2017,Terrebonne,4.654545455
Feb,2017,Terrebonne,7.0625
Mar,2017,Terrebonne,6.763636364
Apr,2017,Terrebonne,9.311111111
May,2017,Terrebonne,8.936363636
Jun,2017,Terrebonne,8.72
Jul,2017,Terrebonne,8.23
Aug,2017,Terrebonne,7.78
Sep,2017,Terrebonne,8.07
Oct,2017,Terrebonne,6.754545455
Nov,2017,Terrebonne,7.51
Dec,2017,Terrebonne,6.755555556
Jan,2017,Jefferson,8.4
Feb,2017,Jefferson,5.7
Mar,2017,Jefferson,5.12
Apr,2017,Jefferson,6.98
May,2017,Jefferson,6.466666667
Jun,2017,Jefferson,10.24
Jul,2017,Jefferson,8.025
Aug,2017,Jefferson,7.56
Sep,2017,Jefferson,9.36
Oct,2017,Jefferson,8.45
Nov,2017,Jefferson,5.266666667
Dec,2017,Jefferson,9.24
Jan,2017,Lafayette,4.86
Feb,2017,Lafayette,5.9375
Mar,2017,Lafayette,7.3
Apr,2017,Lafayette,7.014285714
May,2017,Lafayette,8.62
Jun,2017,Lafayette,9.02
Jul,2017,Lafayette,9.5
Aug,2017,Lafayette,8.51
Sep,2017,Lafayette,8.99
Oct,2017,Lafayette,8.409090909
Nov,2017,Lafayette,9.25
Dec,2017,Lafayette,8.7
Jan,2017,Calcasieu,6.109090909
Feb,2017,Calcasieu,7.088888889
Mar,2017,Calcasieu,7.66
Apr,2017,Calcasieu,9.62
May,2017,Calcasieu,8.881818182
Jun,2017,Calcasieu,9.14
Jul,2017,Calcasieu,9.34
Aug,2017,Calcasieu,8.38
Sep,2017,Calcasieu,9.23
Oct,2017,Calcasieu,7.009090909
Nov,2017,Calcasieu,7.24
Dec,2017,Calcasieu,7.26
Jan,2017,Jefferson,5.58
Feb,2017,Jefferson,6.877777778
Mar,2017,Jefferson,7.14
Apr,2017,Jefferson,9.63
May,2017,Jefferson,8.209090909
Jun,2017,Jefferson,8.842857143
Jul,2017,Jefferson,10.42
Aug,2017,Jefferson,7.22
Sep,2017,Jefferson,8.8
Oct,2017,Jefferson,6.145454545
Nov,2017,Jefferson,7.11
Dec,2017,Jefferson,7.411111111
Jan,2017,Ouachita,5.290909091
Feb,2017,Ouachita,6.54
Mar,2017,Ouachita,7.7875
Apr,2017,Ouachita,9.68
May,2017,Ouachita,6.45
Jun,2017,Ouachita,6.6
Jul,2017,Ouachita,10.41
Aug,2017,Ouachita,8.922222222
Sep,2017,Ouachita,9.9
Oct,2017,Ouachita,7.25
Nov,2017,Ouachita,9
Dec,2017,Ouachita,6.133333333
Jan,2017,West Baton Rouge,6.693548387
Feb,2017,West Baton Rouge,8.757142857
Mar,2017,West Baton Rouge,9.093548387
Apr,2017,West Baton Rouge,11.28
May,2017,West Baton Rouge,9.114814815
Jun,2017,West Baton Rouge,8.106896552
Jul,2017,West Baton Rouge,10.56333333
Aug,2017,West Baton Rouge,9.419354839
Sep,2017,West Baton Rouge,10.44333333
Oct,2017,West Baton Rouge,8.038709677
Nov,2017,West Baton Rouge,9.623333333
Dec,2017,West Baton Rouge,8.673333333
Jan,2017,Caddo,6.344444444
Feb,2017,Caddo,8.4125
Mar,2017,Caddo,9.366666667
Apr,2017,Caddo,11.36
May,2017,Caddo,9.042857143
Jun,2017,Caddo,10.08571429
Jul,2017,Caddo,10.67
Aug,2017,Caddo,12.38
Sep,2017,Caddo,13.47272727
Oct,2017,Caddo,10.45
Nov,2017,Caddo,14.5
Dec,2017,Caddo,9.43
Jan,2017,Caddo,9.2
Feb,2017,Caddo,9.133333333
Mar,2017,Caddo,10.3
Apr,2017,Caddo,11.1
May,2017,Caddo,12.95
Jun,2017,Caddo,11.8
Jul,2017,Caddo,10.46666667
Aug,2017,Caddo,12.05
Sep,2017,Caddo,14.55
Oct,2017,Caddo,6.15
Nov,2017,Caddo,11.65
Dec,2017,Caddo,8.6
Jan,2017,Calcasieu,5.609090909
Feb,2017,Calcasieu,5.7625
Mar,2017,Calcasieu,7.818181818
Apr,2017,Calcasieu,8.75
May,2017,Calcasieu,7.2375
Jun,2017,Calcasieu,8.2
Jul,2017,Calcasieu,8.43
Aug,2017,Calcasieu,7.94
Sep,2017,Calcasieu,9.27
Oct,2017,Calcasieu,8.490909091
Nov,2017,Calcasieu,6.366666667
Dec,2017,Calcasieu,8.509090909
Jan,2018,Rapides,6.31
Feb,2018,Rapides,6.075
Mar,2018,Rapides,7.98
Apr,2018,Rapides,7.73
May,2018,Rapides,8.94
Jun,2018,Rapides,9.14
Jul,2018,Rapides,16.52
Aug,2018,Rapides,10.92
Sep,2018,Rapides,5.99
Oct,2018,Rapides,6.05
Nov,2018,Rapides,6.01
Dec,2018,Rapides,6.790909091
Jan,2018,East Baton Rouge,8.1625
Feb,2018,East Baton Rouge,6.670833333
Mar,2018,East Baton Rouge,9.05
Apr,2018,East Baton Rouge,8.4
May,2018,East Baton Rouge,10.76774194
Jun,2018,East Baton Rouge,11.29333333
Jul,2018,East Baton Rouge,15.8483871
Aug,2018,East Baton Rouge,11.44193548
Sep,2018,East Baton Rouge,7.01
Oct,2018,East Baton Rouge,8.228
Nov,2018,East Baton Rouge,8.766666667
Dec,2018,East Baton Rouge,7.561538462
Jan,2018,East Baton Rouge,7.325
Feb,2018,East Baton Rouge,7.125
Mar,2018,East Baton Rouge,8.575
Apr,2018,East Baton Rouge,8.2
May,2018,East Baton Rouge,11.55
Jun,2018,East Baton Rouge,11.25
Jul,2018,East Baton Rouge,7.8
Aug,2018,East Baton Rouge,4.3
Sep,2018,East Baton Rouge,4.28
Oct,2018,East Baton Rouge,7.525
Nov,2018,East Baton Rouge,8.171428571
Dec,2018,East Baton Rouge,4.825
Jan,2018,Iberville,6.65
Feb,2018,Iberville,6.3
Mar,2018,Iberville,7.977777778
Apr,2018,Iberville,6.86
May,2018,Iberville,9.79
Jun,2018,Iberville,10.4
Jul,2018,Iberville,12.73636364
Aug,2018,Iberville,10.78888889
Sep,2018,Iberville,6.54
Oct,2018,Iberville,6.966666667
Nov,2018,Iberville,8.02
Dec,2018,Iberville,6.854545455
Jan,2018,St. Bernard,6.52
Feb,2018,St. Bernard,5.8
Mar,2018,St. Bernard,10.54285714
Apr,2018,St. Bernard,6.78
May,2018,St. Bernard,9.74
Jun,2018,St. Bernard,10.11666667
Jul,2018,St. Bernard,12.06666667
Aug,2018,St. Bernard,11.06
Sep,2018,St. Bernard,5.96
Oct,2018,St. Bernard,7.06
Nov,2018,St. Bernard,7.36
Dec,2018,St. Bernard,7.96
Jan,2018,Ascension,11.19
Feb,2018,Ascension,6.63
Mar,2018,Ascension,7.97
Apr,2018,Ascension,8.65
May,2018,Ascension,10.11
Jun,2018,Ascension,9.83
Jul,2018,Ascension,13.67
Aug,2018,Ascension,10.35
Sep,2018,Ascension,7.4
Oct,2018,Ascension,6.8
Nov,2018,Ascension,8.59
Dec,2018,Ascension,6.18
Jan,2018,Tangipahoa,4.74
Feb,2018,Tangipahoa,4.91
Mar,2018,Tangipahoa,6.59
Apr,2018,Tangipahoa,7.25
May,2018,Tangipahoa,9.79
Jun,2018,Tangipahoa,9.62
Jul,2018,Tangipahoa,11.6
Aug,2018,Tangipahoa,5.672727273
Sep,2018,Tangipahoa,4.81
Oct,2018,Tangipahoa,6.27
Nov,2018,Tangipahoa,6.96
Dec,2018,Tangipahoa,5.990909091
Jan,2018,Tangipahoa,5.76
Feb,2018,Tangipahoa,4.78
Mar,2018,Tangipahoa,8.766666667
Apr,2018,Tangipahoa,6.36
May,2018,Tangipahoa,10.14
Jun,2018,Tangipahoa,9.46
Jul,2018,Tangipahoa,11.58333333
Aug,2018,Tangipahoa,10.08
Sep,2018,Tangipahoa,6.36
Oct,2018,Tangipahoa,6.16
Nov,2018,Tangipahoa,8.68
Dec,2018,Tangipahoa,5.22
Jan,2018,Terrebonne,5.777777778
Feb,2018,Terrebonne,5.86
Mar,2018,Terrebonne,7.88
Apr,2018,Terrebonne,6.690909091
May,2018,Terrebonne,8.91
Jun,2018,Terrebonne,8.033333333
Jul,2018,Terrebonne,11.62222222
Aug,2018,Terrebonne,8.290909091
Sep,2018,Terrebonne,5.47
Oct,2018,Terrebonne,6.74
Nov,2018,Terrebonne,6.56
Dec,2018,Terrebonne,5.45
Jan,2018,Jefferson,6.98
Feb,2018,Jefferson,4.74
Mar,2018,Jefferson,8.22
Apr,2018,Jefferson,7.06
May,2018,Jefferson,10.04
Jun,2018,Jefferson,10.46
Jul,2018,Jefferson,13.02
Aug,2018,Jefferson,11.22
Sep,2018,Jefferson,5.86
Oct,2018,Jefferson,7.1
Nov,2018,Jefferson,7.24
Dec,2018,Jefferson,4.22
Jan,2018,Lafayette,7.977777778
Feb,2018,Lafayette,7.82
Mar,2018,Lafayette,8.22
Apr,2018,Lafayette,7.83
May,2018,Lafayette,9.08
Jun,2018,Lafayette,9.25
Jul,2018,Lafayette,14.21818182
Aug,2018,Lafayette,9.96
Sep,2018,Lafayette,5.7
Oct,2018,Lafayette,6.16
Nov,2018,Lafayette,7.74
Dec,2018,Lafayette,6.636363636
Jan,2018,Calcasieu,6.65
Feb,2018,Calcasieu,6.3
Mar,2018,Calcasieu,7.977777778
Apr,2018,Calcasieu,6.86
May,2018,Calcasieu,9.79
Jun,2018,Calcasieu,10.4
Jul,2018,Calcasieu,12.73636364
Aug,2018,Calcasieu,10.78888889
Sep,2018,Calcasieu,6.54
Oct,2018,Calcasieu,6.966666667
Nov,2018,Calcasieu,8.02
Dec,2018,Calcasieu,6.854545455
Jan,2018,Jefferson,6.441666667
Feb,2018,Jefferson,5.2
Mar,2018,Jefferson,7.75
Apr,2018,Jefferson,6.97
May,2018,Jefferson,9.14
Jun,2018,Jefferson,9.9875
Jul,2018,Jefferson,12.65454545
Aug,2018,Jefferson,8.77
Sep,2018,Jefferson,5.74
Oct,2018,Jefferson,6.64
Nov,2018,Jefferson,7.21
Dec,2018,Jefferson,6.87
Jan,2018,Ouachita,5.38
Feb,2018,Ouachita,6
Mar,2018,Ouachita,6.83
Apr,2018,Ouachita,7.37
May,2018,Ouachita,9.33
Jun,2018,Ouachita,9.42
Jul,2018,Ouachita,15.37272727
Aug,2018,Ouachita,10.69
Sep,2018,Ouachita,6.69
Oct,2018,Ouachita,5.28
Nov,2018,Ouachita,5.7
Dec,2018,Ouachita,5.790909091
Jan,2018,West Baton Rouge,7.3
Feb,2018,West Baton Rouge,7.296428571
Mar,2018,West Baton Rouge,8.974193548
Apr,2018,West Baton Rouge,8.616666667
May,2018,West Baton Rouge,10.77741935
Jun,2018,West Baton Rouge,10.99333333
Jul,2018,West Baton Rouge,14.9483871
Aug,2018,West Baton Rouge,11.53870968
Sep,2018,West Baton Rouge,7.233333333
Oct,2018,West Baton Rouge,7.935483871
Nov,2018,West Baton Rouge,9.062068966
Dec,2018,West Baton Rouge,7.022580645
Jan,2018,Caddo,9.82
Feb,2018,Caddo,7.477777778
Mar,2018,Caddo,11.52857143
Apr,2018,Caddo,8.863636364
May,2018,Caddo,10.33
Jun,2018,Caddo,13.81
Jul,2018,Caddo,20.03636364
Aug,2018,Caddo,11.23333333
Sep,2018,Caddo,9.385714286
Oct,2018,Caddo,8.36
Nov,2018,Caddo,8.62
Dec,2018,Caddo,7.181818182
Jan,2018,Caddo,3
Feb,2018,Caddo,5.5
Mar,2018,Caddo,11.33333333
Apr,2018,Caddo,6.1
May,2018,Caddo,10.43333333
Jun,2018,Caddo,15.05
Jul,2018,Caddo,24.13333333
Aug,2018,Caddo,10.13333333
Sep,2018,Caddo,4.8
Oct,2018,Caddo,10.4
Nov,2018,Caddo,10.26666667
Dec,2018,Caddo,5.7
Jan,2018,Calcasieu,5.39
Feb,2018,Calcasieu,7.354545455
Mar,2018,Calcasieu,8.127272727
Apr,2018,Calcasieu,7.633333333
May,2018,Calcasieu,9.222222222
Jun,2018,Calcasieu,12.29
Jul,2018,Calcasieu,14.19090909
Aug,2018,Calcasieu,9.37
Sep,2018,Calcasieu,5.67
Oct,2018,Calcasieu,4.98
Nov,2018,Calcasieu,5.99
Dec,2018,Calcasieu,4.990909091
Jan,2019,Rapides,4.58
Feb,2019,Rapides,5.411111111
Mar,2019,Rapides,7.4
Apr,2019,Rapides,7.622222222
May,2019,Rapides,8.33
Jun,2019,Rapides,10.21111111
Jul,2019,Rapides,8.5
Aug,2019,Rapides,8.963636364
Sep,2019,Rapides,8.63
Oct,2019,Rapides,7.04
Nov,2019,Rapides,7.99
Dec,2019,Rapides,5.55
Jan,2019,East Baton Rouge,6.86
Feb,2019,East Baton Rouge,7.114285714
Mar,2019,East Baton Rouge,8.461290323
Apr,2019,East Baton Rouge,7.175862069
May,2019,East Baton Rouge,8.816129032
Jun,2019,East Baton Rouge,13.88666667
Jul,2019,East Baton Rouge,12.13548387
Aug,2019,East Baton Rouge,10.23666667
Sep,2019,East Baton Rouge,12.37272727
Oct,2019,East Baton Rouge,7.416666667
Nov,2019,East Baton Rouge,10.15666667
Dec,2019,East Baton Rouge,7.2
Jan,2019,East Baton Rouge,4.7
Feb,2019,East Baton Rouge,10.73333333
Mar,2019,East Baton Rouge,9.775
Apr,2019,East Baton Rouge,7.5
May,2019,East Baton Rouge,8.75
Jun,2019,East Baton Rouge,12.7
Jul,2019,East Baton Rouge,10.36666667
Aug,2019,East Baton Rouge,7.82
Sep,2019,East Baton Rouge,12.83333333
Oct,2019,East Baton Rouge,6
Nov,2019,East Baton Rouge,12.5
Dec,2019,East Baton Rouge,4.5
Jan,2019,Iberville,6.47
Feb,2019,Iberville,7.544444444
Mar,2019,Iberville,7.281818182
Apr,2019,Iberville,7.31
May,2019,Iberville,8.25
Jun,2019,Iberville,10.84
Jul,2019,Iberville,9.43
Aug,2019,Iberville,7.772727273
Sep,2019,Iberville,8.7
Oct,2019,Iberville,6.29
Nov,2019,Iberville,8.09
Dec,2019,Iberville,6.23
Jan,2019,St. Bernard,4.84
Feb,2019,St. Bernard,8.48
Mar,2019,St. Bernard,7.34
Apr,2019,St. Bernard,6.82
May,2019,St. Bernard,7.533333333
Jun,2019,St. Bernard,11.86
Jul,2019,St. Bernard,8.38
Aug,2019,St. Bernard,8.283333333
Sep,2019,St. Bernard,8.84
Oct,2019,St. Bernard,6.46
Nov,2019,St. Bernard,9.06
Dec,2019,St. Bernard,4.44
Jan,2019,Ascension,5.86
Feb,2019,Ascension,7.466666667
Mar,2019,Ascension,7.409090909
Apr,2019,Ascension,7.38
May,2019,Ascension,8.65
Jun,2019,Ascension,11.6
Jul,2019,Ascension,9.9
Aug,2019,Ascension,8.591666667
Sep,2019,Ascension,10.38
Oct,2019,Ascension,6.9
Nov,2019,Ascension,9.581818182
Dec,2019,Ascension,7.44
Jan,2019,Tangipahoa,4.827272727
Feb,2019,Tangipahoa,6.644444444
Mar,2019,Tangipahoa,7.266666667
Apr,2019,Tangipahoa,6.15
May,2019,Tangipahoa,7.5
Jun,2019,Tangipahoa,10.18888889
Jul,2019,Tangipahoa,9.622222222
Aug,2019,Tangipahoa,8.509090909
Sep,2019,Tangipahoa,9.16
Oct,2019,Tangipahoa,6.533333333
Nov,2019,Tangipahoa,8.388888889
Dec,2019,Tangipahoa,5.94
Jan,2019,Tangipahoa,4.28
Feb,2019,Tangipahoa,7.575
Mar,2019,Tangipahoa,7.5
Apr,2019,Tangipahoa,6.36
May,2019,Tangipahoa,7.58
Jun,2019,Tangipahoa,9.54
Jul,2019,Tangipahoa,9.08
Aug,2019,Tangipahoa,7.233333333
Sep,2019,Tangipahoa,8.2
Oct,2019,Tangipahoa,5.56
Nov,2019,Tangipahoa,8.86
Dec,2019,Tangipahoa,3.82
Jan,2019,Terrebonne,5.58
Feb,2019,Terrebonne,6.788888889
Mar,2019,Terrebonne,6.309090909
Apr,2019,Terrebonne,6.75
May,2019,Terrebonne,7.67
Jun,2019,Terrebonne,11.25
Jul,2019,Terrebonne,7.71
Aug,2019,Terrebonne,6.9
Sep,2019,Terrebonne,9.73
Oct,2019,Terrebonne,6.122222222
Nov,2019,Terrebonne,8.37
Dec,2019,Terrebonne,6.5
Jan,2019,Jefferson,4.26
Feb,2019,Jefferson,8.38
Mar,2019,Jefferson,6.96
Apr,2019,Jefferson,5.94
May,2019,Jefferson,8
Jun,2019,Jefferson,11.8
Jul,2019,Jefferson,8.22
Aug,2019,Jefferson,7.15
Sep,2019,Jefferson,8.3
Oct,2019,Jefferson,4.88
Nov,2019,Jefferson,7.94
Dec,2019,Jefferson,4.1
Jan,2019,Lafayette,5.93
Feb,2019,Lafayette,7.222222222
Mar,2019,Lafayette,7.5
Apr,2019,Lafayette,7.47
May,2019,Lafayette,7.91
Jun,2019,Lafayette,10.56
Jul,2019,Lafayette,9.21
Aug,2019,Lafayette,7.909090909
Sep,2019,Lafayette,8.61
Oct,2019,Lafayette,6.5
Nov,2019,Lafayette,8.77
Dec,2019,Lafayette,7.83
Jan,2019,Calcasieu,6.47
Feb,2019,Calcasieu,7.544444444
Mar,2019,Calcasieu,7.281818182
Apr,2019,Calcasieu,7.31
May,2019,Calcasieu,8.25
Jun,2019,Calcasieu,10.84
Jul,2019,Calcasieu,9.43
Aug,2019,Calcasieu,7.772727273
Sep,2019,Calcasieu,8.7
Oct,2019,Calcasieu,6.29
Nov,2019,Calcasieu,8.09
Dec,2019,Calcasieu,6.23
Jan,2019,Jefferson,5.454545455
Feb,2019,Jefferson,6.981818182
Mar,2019,Jefferson,7.027272727
Apr,2019,Jefferson,6.87
May,2019,Jefferson,7.9
Jun,2019,Jefferson,10.83
Jul,2019,Jefferson,9.066666667
Aug,2019,Jefferson,7.669230769
Sep,2019,Jefferson,8.96
Oct,2019,Jefferson,6.6875
Nov,2019,Jefferson,9.025
Dec,2019,Jefferson,6.44
Jan,2019,Ouachita,5.42
Feb,2019,Ouachita,5.566666667
Mar,2019,Ouachita,5.636363636
Apr,2019,Ouachita,6.3
May,2019,Ouachita,7.69
Jun,2019,Ouachita,8.59
Jul,2019,Ouachita,9.63
Aug,2019,Ouachita,8.690909091
Sep,2019,Ouachita,9.26
Oct,2019,Ouachita,5.566666667
Nov,2019,Ouachita,8.18
Dec,2019,Ouachita,6.15
Jan,2019,West Baton Rouge,6.625806452
Feb,2019,West Baton Rouge,7.614285714
Mar,2019,West Baton Rouge,8.993548387
Apr,2019,West Baton Rouge,7.52
May,2019,West Baton Rouge,9.238709677
Jun,2019,West Baton Rouge,12.49655172
Jul,2019,West Baton Rouge,10.09354839
Aug,2019,West Baton Rouge,9.306666667
Sep,2019,West Baton Rouge,10.64333333
Oct,2019,West Baton Rouge,7.175
Nov,2019,West Baton Rouge,9.896551724
Dec,2019,West Baton Rouge,7.411538462
Jan,2019,Caddo,7.033333333
Feb,2019,Caddo,8.733333333
Mar,2019,Caddo,7.883333333
Apr,2019,Caddo,10.26
May,2019,Caddo,11.17
Jun,2019,Caddo,12.71111111
Jul,2019,Caddo,11.57
Aug,2019,Caddo,13.32727273
Sep,2019,Caddo,12.82
Oct,2019,Caddo,10.35555556
Nov,2019,Caddo,12.24
Dec,2019,Caddo,10.15
Jan,2019,Caddo,7
Feb,2019,Caddo,9.525
Mar,2019,Caddo,9.3
Apr,2019,Caddo,10.4
May,2019,Caddo,10.4
Jun,2019,Caddo,15.7
Jul,2019,Caddo,13.45
Aug,2019,Caddo,9.566666667
Sep,2019,Caddo,14.2
Oct,2019,Caddo,6.533333333
Nov,2019,Caddo,15.46666667
Dec,2019,Caddo,8.3
Jan,2019,Calcasieu,4.51
Feb,2019,Calcasieu,5.557142857
Mar,2019,Calcasieu,7.1
Apr,2019,Calcasieu,5.86
May,2019,Calcasieu,8.02
Jun,2019,Calcasieu,9.122222222
Jul,2019,Calcasieu,8.53
Aug,2019,Calcasieu,7.33
Sep,2019,Calcasieu,7.13
Oct,2019,Calcasieu,5.93
Nov,2019,Calcasieu,6.92
Dec,2019,Calcasieu,5.37
Jan,2020,Rapides,5.690909091
Feb,2020,Rapides,4.244444444
Mar,2020,Rapides,7
Apr,2020,Rapides,7.99
May,2020,Rapides,5.26
Jun,2020,Rapides,10.66
Jul,2020,Rapides,10.01
Aug,2020,Rapides,8.87
Sep,2020,Rapides,7.62
Oct,2020,Rapides,7.6
Nov,2020,Rapides,6.96
Dec,2020,Rapides,5.32
Jan,2020,East Baton Rouge,6.555555556
Feb,2020,East Baton Rouge,6.110344828
Mar,2020,East Baton Rouge,8.009677419
Apr,2020,East Baton Rouge,8.247826087
May,2020,East Baton Rouge,7.470967742
Jun,2020,East Baton Rouge,10.81
Jul,2020,East Baton Rouge,10.28064516
Aug,2020,East Baton Rouge,8.353571429
Sep,2020,East Baton Rouge,8.51
Oct,2020,East Baton Rouge,7.967741935
Nov,2020,East Baton Rouge,7.923333333
Dec,2020,East Baton Rouge,7.880769231
Jan,2020,East Baton Rouge,6.35
Feb,2020,East Baton Rouge,8.9
Mar,2020,East Baton Rouge,8.64
Apr,2020,East Baton Rouge,6.3
May,2020,East Baton Rouge,7.1
Jun,2020,East Baton Rouge,9.4
Jul,2020,East Baton Rouge,10.43333333
Aug,2020,East Baton Rouge,11.23333333
Sep,2020,East Baton Rouge,4
Oct,2020,East Baton Rouge,6.8
Nov,2020,East Baton Rouge,7.5
Dec,2020,East Baton Rouge,7.25
Jan,2020,Iberville,7
Feb,2020,Iberville,4.8
Mar,2020,Iberville,7.545454545
Apr,2020,Iberville,8.09
May,2020,Iberville,5.94
Jun,2020,Iberville,8.61
Jul,2020,Iberville,9.508333333
Aug,2020,Iberville,9.990909091
Sep,2020,Iberville,6.71
Oct,2020,Iberville,7.8
Nov,2020,Iberville,8.03
Dec,2020,Iberville,5.6
Jan,2020,St. Bernard,6.733333333
Feb,2020,St. Bernard,4.92
Mar,2020,St. Bernard,10.34
Apr,2020,St. Bernard,8.18
May,2020,St. Bernard,7.82
Jun,2020,St. Bernard,9.28
Jul,2020,St. Bernard,10.68
Aug,2020,St. Bernard,9.233333333
Sep,2020,St. Bernard,6.98
Oct,2020,St. Bernard,7.75
Nov,2020,St. Bernard,6.933333333
Dec,2020,St. Bernard,5.9
Jan,2020,Ascension,7.254545455
Feb,2020,Ascension,4.722222222
Mar,2020,Ascension,7.490909091
Apr,2020,Ascension,9.98
May,2020,Ascension,5.66
Jun,2020,Ascension,7.75
Jul,2020,Ascension,6.866666667
Aug,2020,Ascension,10.29090909
Sep,2020,Ascension,7.49
Oct,2020,Ascension,8.41
Nov,2020,Ascension,6.2375
Dec,2020,Ascension,6.98
Jan,2020,Tangipahoa,6.2
Feb,2020,Tangipahoa,4.2625
Mar,2020,Tangipahoa,7.71
Apr,2020,Tangipahoa,8.33
May,2020,Tangipahoa,6.422222222
Jun,2020,Tangipahoa,8.23
Jul,2020,Tangipahoa,8.444444444
Aug,2020,Tangipahoa,9.4
Sep,2020,Tangipahoa,6.72
Oct,2020,Tangipahoa,8.13
Nov,2020,Tangipahoa,6.65
Dec,2020,Tangipahoa,5.4625
Jan,2020,Tangipahoa,6.38
Feb,2020,Tangipahoa,4.425
Mar,2020,Tangipahoa,8.075
Apr,2020,Tangipahoa,8.34
May,2020,Tangipahoa,5.68
Jun,2020,Tangipahoa,11.74
Jul,2020,Tangipahoa,7.575
Aug,2020,Tangipahoa,8.133333333
Sep,2020,Tangipahoa,7.3
Oct,2020,Tangipahoa,10.2
Nov,2020,Tangipahoa,7
Dec,2020,Tangipahoa,5.76
Jan,2020,Terrebonne,7.045454545
Feb,2020,Terrebonne,4.688888889
Mar,2020,Terrebonne,7.8
Apr,2020,Terrebonne,6.18
May,2020,Terrebonne,5.27
Jun,2020,Terrebonne,8.48
Jul,2020,Terrebonne,9.81
Aug,2020,Terrebonne,9.836363636
Sep,2020,Terrebonne,6.62
Oct,2020,Terrebonne,8.89
Nov,2020,Terrebonne,7.57
Dec,2020,Terrebonne,6.255555556
Jan,2020,Jefferson,6.16
Feb,2020,Jefferson,4.44
Mar,2020,Jefferson,9.28
Apr,2020,Jefferson,7.36
May,2020,Jefferson,5.275
Jun,2020,Jefferson,10.575
Jul,2020,Jefferson,10.08
Aug,2020,Jefferson,8.616666667
Sep,2020,Jefferson,6.42
Oct,2020,Jefferson,6.9
Nov,2020,Jefferson,6.3
Dec,2020,Jefferson,5.82
Jan,2020,Lafayette,9
Feb,2020,Lafayette,4.566666667
Mar,2020,Lafayette,7.645454545
Apr,2020,Lafayette,8.76
May,2020,Lafayette,5.4
Jun,2020,Lafayette,9.86
Jul,2020,Lafayette,10.66
Aug,2020,Lafayette,8.472727273
Sep,2020,Lafayette,7.28
Oct,2020,Lafayette,9.177777778
Nov,2020,Lafayette,8.94
Dec,2020,Lafayette,8.1
Jan,2020,Calcasieu,8.072727273
Feb,2020,Calcasieu,5.5375
Mar,2020,Calcasieu,8.354545455
Apr,2020,Calcasieu,7.988888889
May,2020,Calcasieu,6.233333333
Jun,2020,Calcasieu,8.62
Jul,2020,Calcasieu,10.56363636
Aug,2020,Calcasieu,9.636363636
Sep,2020,Calcasieu,7.02
Oct,2020,Calcasieu,7.63
Nov,2020,Calcasieu,6.73
Dec,2020,Calcasieu,6.4125
Jan,2020,Jefferson,7.523076923
Feb,2020,Jefferson,5.133333333
Mar,2020,Jefferson,7.954545455
Apr,2020,Jefferson,8.94
May,2020,Jefferson,5.93
Jun,2020,Jefferson,8.73
Jul,2020,Jefferson,10.67272727
Aug,2020,Jefferson,9.872727273
Sep,2020,Jefferson,7.14
Oct,2020,Jefferson,8.466666667
Nov,2020,Jefferson,8.785714286
Dec,2020,Jefferson,5.75
Jan,2020,Ouachita,5.972727273
Feb,2020,Ouachita,3.811111111
Mar,2020,Ouachita,5.981818182
Apr,2020,Ouachita,6.766666667
May,2020,Ouachita,5.42
Jun,2020,Ouachita,10.7
Jul,2020,Ouachita,9.24
Aug,2020,Ouachita,9.190909091
Sep,2020,Ouachita,9.07
Oct,2020,Ouachita,7.66
Nov,2020,Ouachita,6.97
Dec,2020,Ouachita,6.5125
Jan,2020,West Baton Rouge,6.462068966
Feb,2020,West Baton Rouge,6.277777778
Mar,2020,West Baton Rouge,8.536666667
Apr,2020,West Baton Rouge,9.52
May,2020,West Baton Rouge,8.142307692
Jun,2020,West Baton Rouge,10.19666667
Jul,2020,West Baton Rouge,10.62903226
Aug,2020,West Baton Rouge,9.883333333
Sep,2020,West Baton Rouge,9.303333333
Oct,2020,West Baton Rouge,8.348387097
Nov,2020,West Baton Rouge,7.975862069
Dec,2020,West Baton Rouge,6.9
Jan,2020,Caddo,8.418181818
Feb,2020,Caddo,6.266666667
Mar,2020,Caddo,9.416666667
Apr,2020,Caddo,8.61
May,2020,Caddo,6.74
Jun,2020,Caddo,14.65
Jul,2020,Caddo,12.28
Aug,2020,Caddo,11.9
Sep,2020,Caddo,9.3375
Oct,2020,Caddo,8.95
Nov,2020,Caddo,8.16
Dec,2020,Caddo,9.14
Jan,2020,Caddo,6.833333333
Feb,2020,Caddo,6.5
Mar,2020,Caddo,8.6
Apr,2020,Caddo,11.1
May,2020,Caddo,5.6
Jun,2020,Caddo,9.466666667
Jul,2020,Caddo,17.875
Aug,2020,Caddo,12.7
Sep,2020,Caddo,8.4
Oct,2020,Caddo,9.5
Nov,2020,Caddo,5
Dec,2020,Caddo,9.1
Jan,2020,Calcasieu,5.527272727
Feb,2020,Calcasieu,4.177777778
Mar,2020,Calcasieu,7.781818182
Apr,2020,Calcasieu,8.18
May,2020,Calcasieu,5.31
Jun,2020,Calcasieu,11.52
Jul,2020,Calcasieu,10.77
Aug,2020,Calcasieu,8.488888889
Sep,2020,Calcasieu,8.1
Oct,2020,Calcasieu,7.89
Nov,2020,Calcasieu,6.95
Dec,2020,Calcasieu,4.67
Jan,2021,Rapides,5.163636364
Feb,2021,Rapides,6.911111111
Mar,2021,Rapides,6.11
Apr,2021,Rapides,6.57
May,2021,Rapides,6.636363636
Jun,2021,Rapides,6.94
Jul,2021,Rapides,9.04
Aug,2021,Rapides,9.36
Sep,2021,Rapides,7.5
Oct,2021,Rapides,7.518181818
Nov,2021,Rapides,9.03
Dec,2021,Rapides,6.46
Jan,2021,East Baton Rouge,6.65
Feb,2021,East Baton Rouge,7.046428571
Mar,2021,East Baton Rouge,7.219354839
Apr,2021,East Baton Rouge,7.382758621
May,2021,East Baton Rouge,7.003333333
Jun,2021,East Baton Rouge,7.44
Jul,2021,East Baton Rouge,11.05483871
Aug,2021,East Baton Rouge,11.35333333
Sep,2021,East Baton Rouge,9.58
Oct,2021,East Baton Rouge,9.503571429
Nov,2021,East Baton Rouge,9.416666667
Dec,2021,East Baton Rouge,8.880645161
Jan,2021,East Baton Rouge,5.4
Feb,2021,East Baton Rouge,6.1
Mar,2021,East Baton Rouge,6.9
Apr,2021,East Baton Rouge,9.133333333
May,2021,East Baton Rouge,5.3
Jun,2021,East Baton Rouge,9.266666667
Jul,2021,East Baton Rouge,5.35
Aug,2021,East Baton Rouge,8.066666667
Sep,2021,East Baton Rouge,9.45
Oct,2021,East Baton Rouge,7.2
Nov,2021,East Baton Rouge,11.325
Dec,2021,East Baton Rouge,7.2
Jan,2021,Iberville,6.8
Feb,2021,Iberville,6.133333333
Mar,2021,Iberville,7.23
Apr,2021,Iberville,7.366666667
May,2021,Iberville,6.91
Jun,2021,Iberville,6.933333333
Jul,2021,Iberville,8.2816
Aug,2021,Iberville,8.2816
Sep,2021,Iberville,8.2816
Oct,2021,Iberville,8.2816
Nov,2021,Iberville,8.2816
Dec,2021,Iberville,8.2816
Jan,2021,St. Bernard,6.04
Feb,2021,St. Bernard,7
Mar,2021,St. Bernard,7.02
Apr,2021,St. Bernard,7
May,2021,St. Bernard,7.58
Jun,2021,St. Bernard,8.48
Jul,2021,St. Bernard,8.6
Aug,2021,St. Bernard,10.02
Sep,2021,St. Bernard,10.15
Oct,2021,St. Bernard,5.6
Nov,2021,St. Bernard,6.54
Dec,2021,St. Bernard,6.62
Jan,2021,Ascension,6.990909091
Feb,2021,Ascension,6.977777778
Mar,2021,Ascension,7.39
Apr,2021,Ascension,6.51
May,2021,Ascension,6.91
Jun,2021,Ascension,6.6
Jul,2021,Ascension,8.02
Aug,2021,Ascension,10.1125
Sep,2021,Ascension,8.783333333
Oct,2021,Ascension,8.16
Nov,2021,Ascension,9.83
Dec,2021,Ascension,6.411111111
Jan,2021,Tangipahoa,6.009090909
Feb,2021,Tangipahoa,5.9875
Mar,2021,Tangipahoa,6.744444444
Apr,2021,Tangipahoa,6.2375
May,2021,Tangipahoa,6.31
Jun,2021,Tangipahoa,6.655555556
Jul,2021,Tangipahoa,7.02
Aug,2021,Tangipahoa,10.1
Sep,2021,Tangipahoa,9.95
Oct,2021,Tangipahoa,12.65714286
Nov,2021,Tangipahoa,8.363636364
Dec,2021,Tangipahoa,6.56
Jan,2021,Tangipahoa,6.5
Feb,2021,Tangipahoa,5.84
Mar,2021,Tangipahoa,6.05
Apr,2021,Tangipahoa,8.625
May,2021,Tangipahoa,5.94
Jun,2021,Tangipahoa,5.4
Jul,2021,Tangipahoa,5.466666667
Aug,2021,Tangipahoa,11.16666667
Sep,2021,Tangipahoa,8.2816
Oct,2021,Tangipahoa,9.98
Nov,2021,Tangipahoa,7.65
Dec,2021,Tangipahoa,5.92
Jan,2021,Terrebonne,5.8
Feb,2021,Terrebonne,5.722222222
Mar,2021,Terrebonne,6.285714286
Apr,2021,Terrebonne,6.383333333
May,2021,Terrebonne,7.027272727
Jun,2021,Terrebonne,5.771428571
Jul,2021,Terrebonne,7.21
Aug,2021,Terrebonne,9.1125
Sep,2021,Terrebonne,5.483333333
Oct,2021,Terrebonne,7.781818182
Nov,2021,Terrebonne,8.95
Dec,2021,Terrebonne,5.77
Jan,2021,Jefferson,5.76
Feb,2021,Jefferson,6.28
Mar,2021,Jefferson,6
Apr,2021,Jefferson,7.14
May,2021,Jefferson,6.52
Jun,2021,Jefferson,7.12
Jul,2021,Jefferson,7.78
Aug,2021,Jefferson,9.06
Sep,2021,Jefferson,6.25
Oct,2021,Jefferson,7.666666667
Nov,2021,Jefferson,6.62
Dec,2021,Jefferson,5.28
Jan,2021,Lafayette,7.781818182
Feb,2021,Lafayette,7.355555556
Mar,2021,Lafayette,7.16
Apr,2021,Lafayette,7.04
May,2021,Lafayette,6.709090909
Jun,2021,Lafayette,6.5
Jul,2021,Lafayette,7.75
Aug,2021,Lafayette,9.09
Sep,2021,Lafayette,7.25
Oct,2021,Lafayette,7.636363636
Nov,2021,Lafayette,10.51
Dec,2021,Lafayette,6.36
Jan,2021,Calcasieu,7.554545455
Feb,2021,Calcasieu,6.144444444
Mar,2021,Calcasieu,7.811111111
Apr,2021,Calcasieu,6.36
May,2021,Calcasieu,7.045454545
Jun,2021,Calcasieu,7.088888889
Jul,2021,Calcasieu,8.2
Aug,2021,Calcasieu,10.61111111
Sep,2021,Calcasieu,7.425
Oct,2021,Calcasieu,7.418181818
Nov,2021,Calcasieu,8.51
Dec,2021,Calcasieu,5.825
Jan,2021,Jefferson,7.008333333
Feb,2021,Jefferson,6.222222222
Mar,2021,Jefferson,7.072727273
Apr,2021,Jefferson,6.181818182
May,2021,Jefferson,7.027272727
Jun,2021,Jefferson,6.9
Jul,2021,Jefferson,7.58
Aug,2021,Jefferson,10.25454545
Sep,2021,Jefferson,4.914285714
Oct,2021,Jefferson,7.118181818
Nov,2021,Jefferson,8.44
Dec,2021,Jefferson,4.9
Jan,2021,Ouachita,5.454545455
Feb,2021,Ouachita,7.177777778
Mar,2021,Ouachita,6.257142857
Apr,2021,Ouachita,6.377777778
May,2021,Ouachita,6.672727273
Jun,2021,Ouachita,7.51
Jul,2021,Ouachita,11.58888889
Aug,2021,Ouachita,7.83
Sep,2021,Ouachita,8.88
Oct,2021,Ouachita,6.83
Nov,2021,Ouachita,6.944444444
Dec,2021,Ouachita,7.1
Jan,2021,West Baton Rouge,7.338709677
Feb,2021,West Baton Rouge,7.978571429
Mar,2021,West Baton Rouge,8.112903226
Apr,2021,West Baton Rouge,8.14137931
May,2021,West Baton Rouge,7.464516129
Jun,2021,West Baton Rouge,8.186666667
Jul,2021,West Baton Rouge,9.966666667
Aug,2021,West Baton Rouge,10.81724138
Sep,2021,West Baton Rouge,9.410714286
Oct,2021,West Baton Rouge,9.907407407
Nov,2021,West Baton Rouge,9.39
Dec,2021,West Baton Rouge,8.766666667
Jan,2021,Caddo,5.890909091
Feb,2021,Caddo,8.655555556
Mar,2021,Caddo,8.93
Apr,2021,Caddo,8.77
May,2021,Caddo,8.154545455
Jun,2021,Caddo,10.57
Jul,2021,Caddo,12.9
Aug,2021,Caddo,10.6
Sep,2021,Caddo,9.5
Oct,2021,Caddo,9.545454545
Nov,2021,Caddo,9.84
Dec,2021,Caddo,8.61
Jan,2021,Caddo,6.3
Feb,2021,Caddo,8.633333333
Mar,2021,Caddo,9.8
Apr,2021,Caddo,10.63333333
May,2021,Caddo,7.5
Jun,2021,Caddo,9.233333333
Jul,2021,Caddo,11.4
Aug,2021,Caddo,9.1
Sep,2021,Caddo,8.55
Oct,2021,Caddo,8.533333333
Nov,2021,Caddo,9.033333333
Dec,2021,Caddo,6.3
Jan,2021,Calcasieu,4.981818182
Feb,2021,Calcasieu,7.955555556
Mar,2021,Calcasieu,7.33
Apr,2021,Calcasieu,7.25
May,2021,Calcasieu,7.118181818
Jun,2021,Calcasieu,6.72
Jul,2021,Calcasieu,9.01
Aug,2021,Calcasieu,8.471428571
Sep,2021,Calcasieu,4.133333333
Oct,2021,Calcasieu,6.463636364
Nov,2021,Calcasieu,7.52
Dec,2021,Calcasieu,4.385714286
